,date,title,Zürich,Bern,Luzern,Uri,Schwyz,Obwalden,Nidwalden,Glarus,Zug,Freiburg,Solothurn,Basel-Stadt,Basel-Landschaft,Schaffhausen,Appenzell A.-Rh.,Appenzell I.-Rh.,St. Gallen,Graubünden,Aargau,Thurgau,Tessin,Waadt,Wallis,Neuenburg,Genf,Jura
0,12.05.1872,Totalrevision,1,1,0,0,0,0,0,1,0,0,1,1,1,1,0,0,1,0,1,1,0,0,0,0,0,
1,19.04.1874,Totalrevision,1,1,0,0,0,0,0,1,0,0,1,1,1,1,1,0,1,1,1,1,0,1,0,1,1,
2,23.05.1875,Bundesgesez betreffend Feststellung und Beurkundung des Zivilstandes und die Ehe,1,1,0,0,0,0,0,1,0,0,0,1,1,1,1,0,0,0,1,1,0,0,0,1,1,
3,23.05.1875,Bundesgesez über die politische Stimmberechtigung der Schweizerbürger,1,1,0,0,0,0,0,1,0,0,0,1,1,1,1,0,0,0,0,1,0,0,0,1,1,
4,23.04.1876,Bundesgesez über die Ausgabe und Einlösung von Banknoten,1,0,0,0,1,0,0,1,0,1,0,1,1,0,1,0,0,0,0,0,0,1,0,0,0,
5,09.07.1876,Bundesgesez betreffend die Militärpflichtersatzsteuer,1,0,0,0,1,0,0,1,0,0,1,1,1,1,0,0,0,0,1,1,0,0,0,0,0,
6,21.10.1877,Bundesgesez betreffend die Arbeit in den Fabriken,0,1,1,1,1,1,1,1,1,0,1,1,1,1,0,0,0,1,1,1,0,0,0,1,0,
7,21.10.1877,Bundesgesez betreffend den Militärpflichtersaz,1,0,0,0,0,0,0,1,0,0,1,1,1,1,0,0,0,0,1,1,0,0,0,1,0,
8,21.10.1877,Bundesgesez betreffend die politischen Rechte der Niedergelassenen und Aufenthalter und den Verlust der politischen Rechte der Schweizerbürger,1,0,0,0,0,0,0,1,0,0,0,1,0,1,0,0,0,0,0,1,0,0,0,1,0,
9,19.01.1879,Bundesgesez betreffend Gewährung von Subsidien für Alpenbahnen,1,1,1,1,1,1,1,1,1,1,1,1,1,1,1,0,1,0,1,1,1,0,1,1,1,
10,18.05.1879,Bundesbeschluss betreffend Abänderung von Artikel 65 der Bundesverfassung (Todesstrafe),0,0,1,1,1,1,1,1,1,1,1,0,0,1,1,1,1,1,1,0,0,1,1,0,0,
11,31.10.1880,Bundesbeschluss betreffend den durch das Volksbegehren vom 3. August 1880 gestellten Antrag auf Revision der Bundesverfassung ,0,0,0,0,0,0,0,1,0,0,0,0,0,1,0,1,1,1,0,0,0,0,0,0,0,
12,30.07.1882,Bundesbeschluss betreffend den Erfindungsschutz,1,1,0,0,0,0,0,0,0,0,1,1,0,1,0,0,0,0,0,0,0,1,0,1,1,
13,30.07.1882,Bundesgesez betreffend Massnahmen gegen gemeingefährliche Epidemien,0,0,0,0,0,0,0,0,0,0,0,0,0,0,0,0,0,0,0,0,0,0,0,1,0,
14,26.11.1882,Bundesbeschluss betreffend die Vollziehung des Artikels 27 der Bundesverfassung (Unterrichtswesen),0,0,0,0,0,0,0,0,0,0,1,1,0,0,0,0,0,0,0,1,0,0,0,1,0,
15,11.05.1884,Bundesgesetz betreffend die Organisation des eidgenössischen Justiz- und Polizeidepartements,1,0,0,0,0,0,0,1,0,0,1,1,0,1,1,0,0,0,0,1,0,1,0,1,1,
16,11.05.1884,Bundesbeschluss betreffend die Patenttaxen der Handelsreisenden,1,0,0,0,0,0,0,1,0,0,1,1,1,1,1,0,0,0,1,1,0,1,0,1,1,
17,11.05.1884,Bundesgesetz betreffend die Ergänzung des Bundesstrafrechtes vom 4. Februar 1853,1,0,0,0,0,0,0,1,0,0,1,1,1,1,1,0,0,0,1,1,0,1,0,1,1,
18,11.05.1884,Bundesbeschluss betreffend Gewährung eines Beitrags von 10'000 Franken an die Kanzleikosten der schweizerischen Gesandtschaft in Washington,1,0,0,0,0,0,0,1,0,0,1,1,1,0,1,0,0,0,0,0,0,0,0,1,1,
19,25.10.1885,Bundesbeschluss betreffend teilweise Aenderung der Bundesverfassung der schweizerischen Eidgenossenschaft (Wirtschaftswesen und Alkoholfrage),1,0,1,1,1,1,1,0,1,0,0,1,1,1,0,0,1,0,1,1,1,1,1,1,0,
20,15.05.1887,Bundesgesetz betreffend gebrannte Wasser,1,1,1,1,1,1,1,1,1,0,0,1,1,1,1,0,1,1,1,1,1,1,1,1,0,
21,10.07.1887,Bundesbeschluss betreffend Ergänzung des Artikels 64 der Bundesverfassung vom 29. Mai 1874,1,1,1,0,1,1,1,1,1,1,1,1,1,1,1,0,1,1,1,1,1,1,1,1,1,
22,17.11.1889,Bundesgesetz über Schuldbetreibung und Konkurs,1,1,0,0,0,0,0,1,0,0,0,1,1,1,0,0,0,0,0,1,0,1,0,1,1,
23,26.10.1890,Bundesbeschluss betreffend Ergänzung der Bundesverfassung vom 29. Mai 1874 durch einen Zusatz bezüglich des Gesetzgebungsrechtes über Unfall- und Krankenversicherung,1,1,1,1,1,1,1,1,1,1,1,1,1,1,1,0,1,1,1,1,1,1,0,1,1,
24,15.03.1891,Bundesgesetz betreffend die arbeitsunfähig gewordenen eidgenössischen Beamten und Angestellten,0,0,0,0,0,0,0,0,0,0,0,1,0,0,0,0,0,0,0,0,0,0,0,0,1,
25,05.07.1891,Bundesbeschluss betreffend Revision der Bundesverfassung,1,1,1,1,1,1,1,1,1,1,1,1,0,1,0,1,1,1,0,0,1,0,1,1,1,
26,18.10.1891,Bundesbeschluss betreffend Revision von Art. 39 der Bundesverfassung,1,1,1,1,1,0,1,1,1,0,1,1,1,1,1,0,1,0,1,1,0,0,0,0,0,
27,18.10.1891,Bundesgesetz betreffend den schweizerischen Zolltarif,1,1,1,0,1,1,1,0,1,1,1,1,1,1,1,1,1,1,1,1,0,0,0,0,0,
28,06.12.1891,Bundesbeschluss betreffend den Ankauf der schweizerischen Centralbahn,0,1,0,0,0,0,0,0,0,0,1,1,1,0,0,0,0,0,0,0,0,0,0,0,0,
29,20.08.1893,Eidgenössische Volksinitiative 'für ein Verbot des Schlachtens ohne vorherige Betäubung',1,1,1,0,1,0,1,1,1,0,1,1,1,1,0,0,0,0,1,1,0,0,0,0,0,
30,04.03.1894,Bundesbeschluss vom 20. Dezember 1893 betreffend Ergänzung der Bundesverfassung durch einen Zusatz bezüglich des Rechts der Gesetzgebung über das Gewerbewesen,1,0,0,0,0,0,0,1,1,1,1,1,0,1,0,0,0,0,0,1,0,0,0,0,0,
31,03.06.1894,Eidgenössische Volksinitiative 'zur Gewährleistung des Rechts auf Arbeit',0,0,0,0,0,0,0,0,0,0,0,0,0,0,0,0,0,0,0,0,0,0,0,0,0,
32,04.11.1894,Eidgenössische Volksinitiative 'zur Abgabe eines Teils der Zolleinnahmen an die Kantone',0,0,1,1,1,1,1,0,1,1,0,0,0,0,0,1,0,0,0,0,1,0,1,0,0,
33,03.02.1895,Bundesgesetz betreffend die Vertretung der Schweiz im Auslande,0,1,0,0,0,0,0,0,0,0,0,0,0,0,0,0,0,0,0,0,0,1,0,1,1,
34,29.09.1895,Bundesbeschluss über die Ergänzung der Bundesverfassung durch Zusatzbestimmungen betreffend die Einführung des Zündhölzchenmonopols,1,0,0,0,0,0,0,1,1,0,1,1,1,1,1,0,0,0,0,1,0,0,0,0,0,
35,03.11.1895,Bundesbeschluss über die Revision der Militärartikel der Bundesverfassung,1,1,0,0,0,0,0,0,0,0,0,1,0,0,0,0,0,0,1,1,0,0,0,0,0,
36,04.10.1896,Bundesgesetz betreffend die Gewährleistung beim Viehhandel,0,1,1,0,0,0,0,0,0,0,1,1,1,0,1,0,0,0,1,1,0,1,0,0,1,
37,04.10.1896,Bundesgesetz über das Rechnungswesen der Eisenbahnen,1,1,1,0,0,0,0,1,1,0,1,1,1,1,1,0,1,0,1,1,1,0,0,0,0,
38,04.10.1896,Bundesgesetz betreffend die Disciplinarstrafordnung für die eidgenössische Armee,0,0,0,0,0,0,0,0,0,0,0,0,0,0,0,0,0,0,0,0,0,0,0,0,0,
39,28.02.1897,Bundesgesetz über die Errichtung der schweizerischen Bundesbank,1,1,0,0,0,0,0,1,0,0,0,1,1,1,1,0,0,0,1,1,0,0,0,0,0,
40,11.07.1897,Bundesbeschluss über die Revision des Art. 24 der Bundesverfassung,1,1,0,1,1,1,0,1,1,0,1,1,1,1,1,0,0,0,1,1,1,1,0,1,1,
41,11.07.1897,"Bundesbeschluss betreffend Bundesgesetzgebung über den Verkehr mit Nahrungs- und Genussmitteln und mit solchen Gebrauchs- und Verbrauchsgegenständen, welche das Leben oder die Gesundheit gefährden können",1,1,1,1,1,1,1,0,1,0,1,1,1,1,1,0,1,1,1,1,1,1,0,1,1,
42,20.02.1898,Bundesgesetz betreffend die Erwerbung und den Betrieb von Eisenbahnen für Rechnung des Bundes und die Organisation der Verwaltung der schweizerischen Bundesbahnen,1,1,1,0,0,0,1,1,1,0,1,1,1,1,1,0,1,1,1,1,1,1,0,0,0,
43,13.11.1898,Bundesbeschluss betreffend Revision des Artikels 64 der Bundesverfassung,1,1,1,0,0,0,0,1,1,0,1,1,1,1,1,0,1,1,1,1,1,1,0,1,1,
44,13.11.1898,Bundesbeschluss betreffend Aufnahme eines Artikels 64bis in die Bundesverfassung,1,1,1,0,0,0,0,1,1,0,1,1,1,1,1,0,1,1,1,1,1,1,0,1,1,
45,20.05.1900,Bundesgesetz betreffend die Kranken- und Unfallversicherung mit Einschluss der Militärversicherung,0,0,0,0,0,0,0,1,0,0,0,0,0,0,0,0,0,0,0,0,0,0,0,0,0,
46,04.11.1900,Eidgenössische Volksinitiative 'für die Proporzwahl des Nationalrates',0,0,1,1,1,1,1,1,1,1,0,0,0,0,0,1,0,0,0,0,1,0,1,0,1,
47,04.11.1900,Eidgenössische Volksinitiative 'für die Volkswahl des Bundesrates und die Vermehrung der Mitgliederzahl',0,0,0,1,1,1,1,1,1,1,0,0,0,0,0,0,0,0,0,0,1,0,1,0,0,
48,23.11.1902,Bundesbeschluss betreffend die Unterstützung der öffentlichen Primarschule durch den Bund,1,1,1,1,1,1,1,1,1,1,1,1,1,1,1,0,1,1,1,1,1,1,1,1,1,
49,15.03.1903,Bundesgesetz betreffend den schweizerischen Zolltarif,1,1,1,0,1,1,1,0,1,1,1,0,1,1,1,0,0,1,1,1,0,1,1,0,0,
50,25.10.1903,Bundesgesetz betreffend Ergänzung des Bundesgesetzes über das Bundesstrafrecht der schweizerischen Eidgenossenschaft vom 4. Februar 1853,0,0,0,0,0,0,0,0,0,0,0,0,0,0,0,0,0,0,0,0,0,0,0,0,0,
51,25.10.1903,Eidgenössische Volksinitiative 'für die Wahl des Nationalrates aufgrund der Schweizer Wohnbevölkerung',0,0,0,1,0,1,1,0,0,1,0,0,0,0,0,0,0,0,0,0,0,0,1,0,0,
52,25.10.1903,Bundesbeschluss betreffend Abänderung des Art. 32bis der Bundesverfassung,0,0,1,0,0,0,0,0,0,1,0,0,0,0,0,0,0,1,0,0,0,0,1,0,0,
53,19.03.1905,Bundesbeschluss betreffend Revision des Art. 64 der Bundesverfassung (Ausdehnung des Erfinderschutzes),1,1,1,1,1,1,1,1,1,1,1,1,1,1,1,0,1,1,1,1,1,1,1,1,1,
54,10.06.1906,Bundesgesetz betreffend den Verkehr mit Lebensmitteln und Gebrauchsgegenständen,1,1,1,1,1,1,1,0,1,1,1,0,1,1,1,1,0,1,1,1,1,1,1,0,0,
55,03.11.1907,Militärorganisation der schweizerischen Eidgenossenschaft,1,1,1,0,0,0,0,0,1,0,1,1,1,1,1,0,1,1,1,1,0,1,0,0,0,
56,05.07.1908,Bundesbeschluss betreffend Ergänzung der Bundesverfassung bezüglich des Rechts der Gesetzgebung über das Gewerbewesen,1,1,1,1,1,1,1,1,1,1,1,1,1,1,1,0,1,1,1,1,1,1,1,1,1,
57,05.07.1908,Eidgenössische Volksinitiative 'für ein Absinthverbot',1,1,1,1,1,1,1,1,1,1,1,1,1,1,1,1,1,1,1,1,1,1,1,0,0,
58,25.10.1908,Bundesbeschluss  betreffend die Gesetzgebung des Bundes über die Nutzbarmachung der Wasserkräfte und über die Fortleitung und die Abgabe der elektrischen Energie (Gegenentwurf: Aufnahme eines Zusatzartikels 24bis in die Bundesverfassung),1,1,1,1,1,1,1,1,1,1,1,1,1,1,1,0,1,1,1,1,1,1,1,1,1,
59,23.10.1910,Eidgenössische Volksinitiative 'für die Proporzwahl des Nationalrates',0,0,1,1,1,1,1,0,1,0,1,1,0,0,0,1,1,0,0,0,1,0,1,1,1,
60,04.02.1912,Bundesgesetz über die Kranken- und Unfallversicherung,1,1,1,1,1,1,1,1,1,0,1,1,1,1,0,0,1,1,1,0,1,0,0,0,0,
61,04.05.1913,"Bundesbeschluss betreffend Revision der Artikel 69 und 31, 2.Absatz, lit.d, der Bundesverfassung (Bekämpfung menschlicher und tierischer Krankheiten)",1,1,1,1,0,1,1,1,1,0,1,1,1,1,1,0,0,1,0,0,1,1,1,1,1,
62,25.10.1914,Bundesbeschluss betreffend Revision von Art. 103 der Bundesverfassung und Aufnahme eines Artikels 114bis in die Bundesverfassung,1,1,1,0,1,1,0,1,1,1,1,1,1,1,1,0,1,1,0,1,1,1,0,1,1,
63,06.06.1915,Bundesbeschluss betreffend Erlass eines Artikels der Bundesverfassung zur Erhebung einer einmaligen Kriegssteuer,1,1,1,1,1,1,1,1,1,1,1,1,1,1,1,1,1,1,1,1,1,1,1,1,1,
64,13.05.1917,"Bundesbeschluss betreffend die Einfügung eines Art. 41bis und eines Artikels 42, lit.g, in die Bundesverfasssung (Stempelabgaben)",1,1,1,0,1,0,0,1,1,0,0,0,0,1,1,0,1,1,0,1,1,1,1,0,1,
65,02.06.1918,Eidgenössische Volksinitiative 'für die Einführung der direkten Bundessteuer',1,1,0,0,0,0,0,1,0,0,1,1,1,1,1,0,0,0,1,0,0,0,0,0,0,
66,13.10.1918,Eidgenössische Volksinitiative 'für die Proporzwahl des Nationalrates',1,1,1,1,1,1,1,1,1,1,1,1,1,1,0,1,1,1,1,0,1,0,1,1,1,
67,04.05.1919,Bundesbeschluss betreffend Aufnahme eines Art. 24ter in die Bundesverfassung (Schiffahrt),1,1,1,1,1,1,1,1,1,1,1,1,1,1,1,1,1,1,1,1,1,1,1,1,1,
68,04.05.1919,Bundesbeschluss betreffend Erlass eines Artikels der Bundesverfassung über die Erhebung einer neuen ausserordentlichen Kriegssteuer,1,1,1,1,1,1,1,1,1,1,1,1,1,1,1,1,1,1,1,1,1,1,1,0,0,
69,10.08.1919,Bundesbeschluss betreffend die Aufnahme von Uebergangsbestimmungen zu Art. 73 der Bundesverfassung,1,1,1,1,1,1,1,1,1,1,1,1,1,1,0,1,1,1,1,1,1,1,1,1,1,
70,21.03.1920,Bundesgesetz betreffend die Ordnung des Arbeitsverhältnisses,1,0,0,1,0,0,0,0,0,0,1,1,1,1,1,1,1,0,0,0,1,0,0,1,1,
71,21.03.1920,Bundesbeschluss über die Volksinitiative 'für ein Verbot der Errichtung von Spielbanken',1,1,0,0,0,0,0,0,0,1,1,1,1,1,0,0,1,1,0,1,1,1,1,1,1,
72,16.05.1920,Bundesbeschluss betreffend den Beitritt der Schweiz zum Völkerbund,0,1,1,0,0,1,1,0,0,1,0,0,0,0,1,0,0,1,0,1,1,1,1,1,1,
73,31.10.1920,Bundesgesetz betreffend die Arbeitszeit beim Betriebe der Eisenbahnen und anderer Verkehrsanstalten,1,1,1,1,0,0,0,1,1,0,1,1,1,1,0,0,0,0,1,0,1,0,0,1,1,
74,30.01.1921,Eidgenössische Volksinitiative 'für die Unterstellung von unbefristeten oder für eine Dauer von mehr als 15 Jahren abgeschlossenen Staatsverträgen unter das Referendum (Staatsvertragsreferendum)',1,1,1,0,1,1,1,1,1,1,1,1,1,1,1,1,1,1,1,0,1,1,1,1,1,
75,30.01.1921,Eidgenössische Volksinitiative 'für die Aufhebung der Militärjustiz',0,0,0,0,0,0,0,0,0,0,0,0,0,0,0,0,0,0,0,0,1,0,0,1,1,
76,22.05.1921,"Bundesbeschluss betreffend Aufnahme eines Art. 37bis und eines Art. 37ter in die Bundesverfassung (Automobil und Fahrradverkehr, Luftschiffahrt)",1,1,0,1,1,0,0,1,0,0,1,1,1,1,1,0,1,0,1,1,1,1,0,1,1,
77,22.05.1921,Bundesbeschluss betreffend Aufnahme eines Artikels 37ter (Luftschiffahrt) in die Bundesverfassung,1,1,1,1,1,1,1,1,1,1,1,1,1,1,1,0,1,0,1,1,1,1,1,1,1,
78,11.06.1922,"Eidgenössische Volksinitiative 'betreffend die Erlangung des Schweizerbürgerrechts, Teil I'",0,0,0,0,0,0,0,0,0,0,0,0,0,0,0,0,0,0,0,0,0,0,0,0,0,
79,11.06.1922,"Eidgenössische Volksinitiative 'betreffend die Ausweisung von Ausländern, Teil II'",0,0,0,0,0,0,0,0,0,0,0,0,0,0,0,0,0,0,0,0,0,0,0,0,0,
80,11.06.1922,Eidgenössische Volksinitiative 'betreffend die Wählbarkeit der Bundesbeamten in den Nationalrat',0,0,0,0,0,0,0,1,0,0,1,1,1,0,0,0,0,0,0,0,1,0,0,0,1,
81,24.09.1922,Bundesgesetz betreffend Abänderung des Bundesstrafrechts vom 4. Februar 1853 in bezug auf Verbrechen gegen die verfassungsmässige Ordnung und innere Sicherheit und in bezug auf die Einführung des bedingten Strafvollzugs,0,0,1,1,1,1,1,0,0,1,0,0,0,0,0,1,0,1,0,1,0,1,1,0,0,
82,03.12.1922,Eidgenössische Volksinitiative 'für die Einmalige Vermögensabgabe',0,0,0,0,0,0,0,0,0,0,0,0,0,0,0,0,0,0,0,0,0,0,0,0,0,
83,18.02.1923,Eidgenössische Volksinitiative 'Schutzhaft',0,0,0,0,0,0,0,0,0,0,0,0,0,0,0,0,0,0,0,0,0,0,0,0,0,
84,18.02.1923,Bundesbeschluss über die Ratifikation des am 7. August 1921 in Paris unterzeichneten Abkommens zwischen der Schweiz und Frankreich zur Regelung der Handelsbeziehungen und des freundnachbarlichen Grenzverkehrs zwischen den ehemaligen Freizonen Hochsavoyens sowie der Landschaft Gex und den angrenzenden schweizerischen Kantonen,0,0,0,0,0,0,0,0,0,1,0,0,0,0,0,0,0,0,0,0,1,1,0,1,0,
85,15.04.1923,Eidgenössische Volksinitiative 'zur Wahrung der Volksrechte in der Zollfrage',0,0,0,0,0,0,0,0,0,0,0,1,0,0,0,0,0,0,0,0,0,0,0,0,0,
86,03.06.1923,Bundesbeschluss betreffend die Revision der Art. 31 und 32bis (Alkoholwesen) der Bundesverfassung,1,0,0,0,0,0,0,1,0,0,0,1,0,1,0,1,0,1,0,1,1,0,1,1,1,
87,17.02.1924,Bundesgesetz betreffend Abänderung von Art. 41 des Fabrikgesetzes vom 18. Juni 1914 / 27. Juni 1919,0,0,1,0,0,1,1,0,0,1,0,0,0,0,1,1,0,1,0,1,0,1,1,0,0,
88,24.05.1925,"Eidgenössische Volksinitiative 'für eine Invaliditäts-, Alters- und Hinterlassenenversicherung' (AHV)",1,0,0,0,0,0,0,0,0,0,1,1,1,0,0,0,0,0,0,0,1,0,0,1,1,
89,25.10.1925,Bundesbeschluss betreffend Aufenthalt und Niederlassung der Ausländer,1,1,1,1,1,1,1,1,1,0,1,1,1,1,1,0,1,1,1,1,0,1,0,1,1,
90,06.12.1925,"Bundesbeschluss betreffend die Alters-, Hinterlassenen- und Invalidenversicherung",1,1,1,1,0,0,0,1,0,0,1,1,1,1,1,0,1,1,1,1,1,0,1,1,1,
91,05.12.1926,Bundesbeschluss über die Aufnahme eines neuen Artikels 23bis in die Bundesverfassung betreffend die Getreideversorgung des Landes,1,1,0,0,0,0,0,0,0,0,1,0,0,1,0,0,0,0,1,0,1,1,1,0,0,
92,15.05.1927,Bundesbeschluss betreffend die Abänderung des Artikels 30 der Bundesverfassung (Internationale Alpenstrassen),1,1,1,1,1,1,1,1,1,1,1,1,1,1,1,1,1,1,0,1,1,1,1,1,1,
93,15.05.1927,Bundesgesetz über den Automobil- und Fahrradverkehr,0,0,0,0,0,0,0,1,0,1,0,0,0,0,0,1,0,1,0,1,1,1,1,0,0,
94,20.05.1928,Bundesbeschluss betreffend Revision des Art. 44 der Bundesverfassung (Massnahmen gegen die Ueberfremdung),1,1,1,1,0,1,1,1,1,0,1,1,1,1,1,0,1,1,1,1,1,1,1,1,1,
95,02.12.1928,Eidgenössische Volksinitiative 'Kursaalspiele (Spielbanken)',1,1,1,1,1,1,1,0,1,0,1,0,0,1,0,1,0,1,1,0,1,0,1,0,1,
96,03.03.1929,Bundesbeschluss über die Volksinitiative 'Getreideversorgung',0,0,0,0,0,0,0,0,0,0,0,0,0,0,0,0,0,0,0,0,0,0,0,0,0,
97,03.03.1929,Bundesgesetz betreffend Abänderung von Art.14 des Bundesgesetzes vom 10. Oktober 1902 betreffend den schweizerischen Zolltarif,1,1,1,1,1,1,1,1,1,1,1,1,1,1,1,1,1,1,1,1,1,1,1,0,1,
98,12.05.1929,Eidgenössische Volksinitiative 'betreffend die Gesetzgebung über den Strassenverkehr',1,0,0,0,0,0,0,0,0,0,1,1,1,0,0,0,0,0,0,0,0,0,0,0,0,
99,12.05.1929,"Volksbegehren für das Kantons- und Gemeindeverbotsrecht für gebrannte Wasser, die zum Genuss bestimmt sind",0,0,0,0,0,0,0,0,0,0,0,1,0,0,0,0,0,0,0,0,0,0,0,0,0,
100,06.04.1930,Bundesbeschluss betreffend die Revision der Art. 31 und 32bis der Bundesverfassung (Alkoholwesen),1,1,0,1,0,0,0,1,0,1,1,1,0,1,0,1,1,1,1,1,1,1,1,1,1,
101,08.02.1931,Bundesbeschluss über das Volksbegehren um Revision des Artikels 12 der Bundesverfassung (Ordensverbot) (Gegenentwurf),1,1,1,1,1,1,1,1,1,0,1,1,1,1,1,1,1,1,1,1,1,0,0,0,0,
102,15.03.1931,Bundesbeschluss über die Revision des Art. 72 der Bundesverfassung (Wahl des Nationalrats),0,0,1,1,1,1,1,0,1,1,0,1,0,0,1,1,1,1,0,1,0,1,1,1,0,
103,15.03.1931,"Bundesbeschluss über die Revision der Art. 76, 96 , Abs. 1, und 105, Abs. 2, der Bundesverfassung (Amtsdauer des Nationalrats, des Bundesrats und des Bundeskanzlers)",0,0,1,1,1,1,1,0,1,1,1,1,0,1,0,1,1,1,0,0,1,1,1,1,1,
104,06.12.1931,Bundesgesetz über die Alters- und Hinterlassenenversicherung,1,0,0,0,0,0,0,0,0,0,0,1,0,0,0,0,0,0,0,0,0,0,0,1,0,
105,06.12.1931,Bundesgesetz über die Besteuerung des Tabaks,1,0,0,0,0,0,0,0,0,0,1,1,0,0,0,0,1,0,1,1,1,0,0,1,1,
106,28.05.1933,"Bundesgesetz über die vorübergehende Herabsetzung der Besoldungen, Gehälter und Löhne der im Dienste des Bundes stehenden Personen",0,0,0,0,0,1,1,1,0,1,0,0,0,0,1,1,1,0,0,1,0,1,1,1,0,
107,11.03.1934,Bundesgesetz über den Schutz der öffentlichen Ordnung,0,0,1,1,0,0,0,1,0,1,0,0,0,0,0,1,0,1,0,1,1,1,1,0,0,
108,24.02.1935,Bundesgesetz über die Abänderung des Bundesgesetzes vom 12. April 1907 betreffend die Militärorganisation (Neuordnung der Ausbildung),1,1,1,1,0,0,0,1,0,0,1,1,0,1,0,0,1,1,1,1,1,1,0,0,1,
109,05.05.1935,Bundesgesetz über die Regelung der Beförderung von Gütern und Tieren mit Motorfahrzeugen auf öffentlichen Strassen (Verkehrsteilungsgesetz),0,0,0,0,0,0,0,0,0,0,0,0,0,0,0,0,0,1,0,0,1,0,0,0,0,
110,02.06.1935,Eidgenössische Volksinitiative 'zur Bekämpfung der Wirtschaftskrise',0,1,0,0,0,0,0,0,0,0,1,1,1,1,0,0,0,0,0,0,0,0,0,0,0,
111,08.09.1935,Eidgenössische Volksinitiative 'für eine Totalrevision der Bundesverfassung',0,0,0,0,0,1,0,0,0,1,0,0,0,0,0,1,0,0,0,0,0,0,1,0,0,
112,28.11.1937,Eidgenössische Volksinitiative 'für ein Verbot der Freimaurerei',0,0,0,0,0,0,0,0,0,1,0,0,0,0,0,0,0,0,0,0,0,0,0,0,0,
113,20.02.1938,Bundesbeschluss über die Revision der Art. 107 und 116 der Bundesverfassung (Anerkennung des Rätoromanischen als Nationalsprache),1,1,1,1,1,1,1,1,1,1,1,1,1,1,1,1,1,1,1,1,1,1,1,1,1,
114,20.02.1938,Eidgenössische Volksinitiative 'betreffend die dringlichen Bundesbeschlüsse und die Wahrung der demokratischen Volksrechte' ,0,0,0,0,0,0,0,0,0,0,0,0,0,0,0,0,0,0,0,0,0,0,0,0,0,
115,20.02.1938,Bundesbeschluss über die Volksinitiative 'Private Rüstungsindustrie',0,0,0,0,0,0,0,0,0,0,0,0,0,0,0,0,0,0,0,0,0,0,0,0,0,
116,03.07.1938,Schweizerisches Strafgesetzbuch,1,1,1,0,0,0,0,1,0,0,1,1,1,1,1,0,0,0,1,1,0,0,0,0,0,
117,27.11.1938,Bundesbeschluss betreffend die Uebergangsordnung des Finanzhaushaltes,1,1,1,1,1,1,1,1,1,1,1,1,1,1,1,1,1,1,1,1,1,1,1,1,0,
118,22.01.1939,Eidgenössische Volksinitiative 'zur Wahrung der verfassungsmässigen Rechte der Bürger (Erweiterung der Verfassungsgerichtsbarkeit)',0,0,0,0,0,0,0,0,0,0,0,0,0,0,0,0,0,0,0,0,0,0,0,0,0,
119,22.01.1939,Bundesbeschluss über das Volksbegehren für Einschränkung der Anwendung der Dringlichkeitsklausel (Gegenentwurf),1,1,1,1,1,1,1,1,1,1,1,1,1,1,1,1,1,1,1,0,1,1,1,1,1,
120,04.06.1939,Bundesbeschluss betreffend Ergänzung der Bundesverfassung für die Eröffnung und teilweise Deckung von Krediten zum Ausbau der Landesverteidigung und zur Bekämpfung der Arbeitslosigkeit,1,1,1,1,1,1,1,1,1,1,1,1,1,1,1,1,1,1,1,1,1,0,1,0,0,
121,03.12.1939,Bundesgesetz über die Aenderung des Dienstverhältnisses und der Versicherung des Bundespersonals,0,0,0,1,0,0,0,0,0,0,0,1,0,0,0,0,0,0,0,0,1,0,0,0,1,
122,01.12.1940,Bundesgesetz über die Abänderung der Art. 103 und 104 des Bundesgesetzes vom 12. April 1907 betreffend die Militärorganisation (Einführung des obligatorischen militärischen Vorunterrichts),1,0,0,0,0,0,0,0,0,0,1,1,1,1,0,0,0,0,0,0,0,0,0,0,1,
123,09.03.1941,Eidgenössische Volksinitiative 'zur Neuordnung des Alkoholwesens',0,0,1,1,1,1,1,0,1,0,1,0,0,0,0,1,0,0,1,0,0,0,0,0,0,
124,25.01.1942,Eidgenössische Volksinitiative 'für die Wahl des Bundesrates durch das Volk und die Erhöhung der Mitgliederzahl',0,0,0,0,0,0,0,0,0,0,0,0,0,0,0,0,0,0,0,0,0,0,0,0,0,
125,03.05.1942,Eidgenössische Volksinitiative 'für die Reorganisation des Nationalrates',0,0,0,0,0,0,0,0,0,0,0,0,0,0,1,0,0,0,0,0,0,0,0,0,0,
126,29.10.1944,Bundesgesetz über den unlauteren Wettbewerb,0,1,1,1,0,0,0,0,0,1,1,0,0,1,0,1,0,1,1,1,1,0,1,1,1,
127,21.01.1945,Bundesgesetz über die Schweizerischen Bundesbahnen,1,1,1,1,0,0,0,1,1,0,1,1,1,1,0,0,0,1,0,1,1,0,0,0,1,
128,25.11.1945,Bundesbeschluss über das Volksbegehren 'Für die Familie' (Gegenentwurf),1,1,1,1,1,1,1,1,1,1,1,1,1,1,0,1,1,1,1,1,1,1,1,1,1,
129,10.02.1946,Bundesbeschluss über das Volksbegehren betreffend eine Gütertransportordnung (Gegenentwurf),0,0,0,0,0,0,0,0,0,0,0,0,0,0,0,0,0,1,0,0,0,0,0,0,0,
130,08.12.1946,Bundesbeschluss über das Volksbegehren betreffend das 'Recht auf Arbeit',0,0,0,0,0,0,0,0,0,0,0,0,0,0,0,0,0,0,0,0,0,0,0,0,0,
131,18.05.1947,Bundesbeschluss über das Volksbegehren betreffend 'Wirtschaftsreform und Rechte der Arbeit',0,0,0,0,0,0,0,0,0,0,0,0,0,0,0,0,0,0,0,0,0,0,0,0,0,
132,06.07.1947,Bundesbeschluss über eine Revision der Wirtschaftsartikel der Bundesverfassung,0,1,1,1,0,0,0,0,0,1,1,1,1,1,0,0,0,1,0,1,1,0,1,1,1,
133,06.07.1947,Bundesgesetz über die Alters- und Hinterlassenenversicherung,1,1,1,1,1,0,1,1,1,1,1,1,1,1,1,1,1,1,1,1,1,1,1,1,1,
134,14.03.1948,Bundesbeschluss über die Ordnung der schweizerischen Zuckerwirtschaft,0,0,0,0,0,0,0,0,0,1,0,0,0,0,0,0,0,0,0,0,0,0,0,0,1,
135,22.05.1949,Bundesbeschluss über die Revision von Artikel 39 der Bundesverfassung betreffend die Schweizerische Nationalbank,0,0,0,0,0,0,0,0,0,0,0,1,0,0,0,0,0,0,0,0,0,0,0,0,1,
136,22.05.1949,Bundesgesetz über die Ergänzung des Bundesgesetzes vom 13. Juni 1928 betreffend Massnahmen gegen die Tuberkulose,0,0,0,0,0,0,0,0,0,0,0,0,0,0,0,0,0,0,0,0,0,0,0,0,0,
137,11.09.1949,Eidgenössische Volksinitiative 'für die Rückkehr zur direkten Demokratie',1,0,1,1,0,0,0,1,1,1,0,1,1,0,1,0,0,0,0,0,1,1,1,1,1,
138,11.12.1949,Bundesgesetz betreffend Abänderung des Bundesgesetzes vom 30. Juni 1927 über das Dienstverhältnis der Bundesbeamten,1,1,0,1,0,0,0,1,1,0,1,1,1,1,0,0,0,1,1,0,1,1,0,1,1,
139,29.01.1950,Bundesbeschluss betreffend die Verlängerung der Geltungsdauer und die Abänderung des Bundesbeschlusses über Massnahmen zur Förderung der Wohnbautätigkeit,1,1,0,0,0,0,0,0,0,0,0,1,0,0,0,0,0,0,0,0,1,1,0,1,1,
140,04.06.1950,Bundesbeschluss über die verfassungsmässige Neuordnung des Finanzhaushaltes des Bundes,0,0,0,0,1,1,0,0,0,1,0,0,0,0,0,1,0,0,0,0,0,1,1,0,1,
141,01.10.1950,Eidgenössische Volksinitiative 'zum Schutz des Bodens und der Arbeit durch Verhinderung der Spekulation',0,0,0,0,0,0,0,0,0,0,0,0,0,0,0,0,0,0,0,0,0,0,0,0,0,
142,03.12.1950,Bundesbeschluss betreffend Abänderung des Artikels 72 der Bundesverfassung (Wahl des Nationalrates),1,1,1,1,0,1,1,0,1,1,1,1,1,1,1,1,1,1,1,1,1,1,1,1,1,
143,03.12.1950,Bundesbeschluss über die Finanzordnung 1951 bis 1954,1,1,1,1,1,1,1,1,1,1,1,1,1,1,1,1,1,1,1,1,1,0,1,1,0,
144,25.02.1951,Bundesbeschluss über den Transport von Personen und Sachen mit Motorfahrzeugen auf öffentlichen Strassen (Autotransportordnung),0,0,0,0,0,0,0,0,0,0,0,1,0,0,0,0,0,1,0,0,1,1,0,1,1,
145,15.04.1951,Bundesbeschluss über das Volksbegehren betreffend die Revision des Artikels 39 der Bundesverfassung (Freigeldinitiative),0,0,0,0,0,0,0,0,0,0,0,0,0,0,0,0,0,0,0,0,0,0,0,0,0,
146,08.07.1951,Eidgenössische Volksinitiative 'zur Heranziehung der öffentlichen Unternehmungen zu einem Beitrag an die Kosten der Landesverteidigung',0,0,0,0,0,0,0,0,0,0,0,0,0,0,0,0,0,0,0,0,0,0,0,0,0,
147,02.03.1952,Bundesbeschluss betreffend Verlängerung der Geltungsdauer des Bundesbeschlusses über die Bewilligungspflicht für die Eröffnung und Erweiterung von Gasthöfen,0,1,1,1,1,1,1,0,0,1,1,0,0,0,0,1,0,1,0,1,1,1,1,1,1,
148,30.03.1952,Bundesgesetz über die Förderung der Landwirtschaft und die Erhaltung des Bauernstandes (Landwirtschaftsgesetz),0,1,1,1,0,1,1,0,0,1,1,0,1,0,0,1,0,1,1,1,1,1,1,1,1,
149,20.04.1952,Volksbegehren betreffend die Umsatzsteuern,0,0,0,0,0,0,0,0,0,0,0,0,0,0,0,0,0,0,0,0,0,0,0,0,0,
150,18.05.1952,Volksbegehren zur Rüstungsfinanzierung und zum Schutze der sozialen Errungenschaften,1,0,0,0,0,0,0,0,0,0,0,1,1,1,0,0,0,0,0,0,1,0,0,0,0,
151,06.07.1952,Bundesbeschluss vom 28.03.1952 über die Deckung der Rüstungsausgaben,1,1,0,0,0,0,0,0,0,0,1,0,0,0,0,0,0,0,0,0,0,0,0,0,0,
152,05.10.1952,Bundesgesetz vom 01.02.1952 betreffend die Abänderung von Bestimmungen über die fiskalische Belastung des Tabaks im Bundesgesetz über die Alters- und Hinterlassenenversicherung,1,1,1,1,1,1,1,1,1,1,1,1,1,1,0,1,1,1,1,1,1,1,1,1,1,
153,05.10.1952,Bundesbeschluss vom 28.03.1952 über den Einbau von Luftschutzräumen in bestehenden Häusern,0,0,0,0,0,0,0,0,0,0,0,0,0,0,0,0,0,0,0,0,0,0,0,0,0,
154,23.11.1952,Bundesbeschluss vom 26.09.1952 über die befristete Weiterführung einer beschränkten Preiskontrolle,1,1,1,1,0,0,0,1,0,1,1,1,1,1,0,0,0,0,1,1,1,1,1,1,1,
155,23.11.1952,Bundesbeschluss vom 26.09.1952 über die Brotgetreideversorgung des Landes,1,1,1,1,1,1,1,1,1,1,1,1,1,1,0,1,1,1,1,1,1,1,1,1,1,
156,19.04.1953,Bundesgesetz vom 20.06.1952 über die Revision des Bundesgesetzes betreffend den Postverkehr,0,0,0,1,0,0,0,0,0,0,0,0,0,0,0,0,0,0,0,0,0,0,0,0,0,
157,06.12.1953,Bundesbeschluss vom 25.09.1953 über die verfassungsmässige Neuordnung des Finanzhaushaltes des Bundes,1,0,0,1,0,0,0,0,0,0,0,0,0,0,0,0,0,1,0,0,0,0,0,0,0,
158,06.12.1953,Bundesbeschluss vom 30.09.1953 über die Ergänzung der Bundesvefassung durch einen Artikel 24quater betreffend den Schutz der Gewässer gegen Verunreinigung,1,1,1,1,1,1,1,1,1,1,1,1,1,1,1,1,1,1,1,1,1,1,1,1,1,
159,20.06.1954,"Bundesbeschluss vom 23.12.1953 über den Fähigkeitsausweis im Schuhmacher-, Coiffeur-, Sattler- und Wagnergewerbe",0,0,0,0,0,0,0,0,0,0,0,0,0,0,0,0,0,0,0,0,0,0,0,0,0,
160,20.06.1954,Bundesbeschluss vom 23.12.1953 über ausserordentliche Hilfeleistungen an kriegsgeschädigte Auslandschweizer,0,1,0,0,0,0,0,0,0,1,0,1,0,0,0,0,0,1,0,0,0,0,0,0,1,
161,24.10.1954,Bundesbeschluss vom 25.06.1954 über die Finanzordnung 1955 bis 1958,1,1,1,1,1,1,1,1,1,1,1,1,1,1,1,1,1,1,1,1,1,1,1,1,0,
162,05.12.1954,Volksbegehren zum Schutze der Stromlandschaft Rheinfall-Rheinau,0,0,0,0,0,0,0,0,0,0,0,0,0,1,0,0,0,0,0,0,0,0,0,0,0,
163,13.03.1955,Bundesbeschluss vom 22.12.1954 über die Volksinitiative 'zum Schutz der Mieter und Konsumenten (Weiterführung der Preiskontrolle)',1,1,0,0,0,0,0,0,0,0,0,1,1,0,0,0,0,0,0,0,1,1,0,1,1,
164,04.03.1956,Bundesbeschluss vom 22.12.1955 über die befristete Weiterführung einer beschränkten Preiskontrolle (Verlängerung der Gültigkeitsdauer des Verfassungszusatzes vom 26. September 1952),1,1,1,1,1,1,1,1,1,1,1,1,1,1,1,1,1,1,1,1,1,1,1,1,1,
165,13.05.1956,Volksbegehren zur Erweiterung der Volksrechte bei der Erteilung von Wasserrechtskonzessionen durch den Bund,1,0,0,0,0,0,0,0,0,0,0,1,0,1,0,0,0,0,0,0,0,0,0,0,0,
166,13.05.1956,Bundesbeschluss vom 30.09.1955 über Massnahmen zur Stärkung der Wirtschaft des Kantons Graubünden durch Gewährung einer Hilfe an die Holzverzuckerungs-AG,0,0,0,1,0,0,0,1,0,0,0,0,0,0,0,1,0,1,0,0,1,0,0,0,0,
167,30.09.1956,Bundesbeschluss vom 27.06.1956 über die Revision der Brotgetreideordnung des Landes,0,0,0,0,0,1,1,0,0,1,0,0,0,0,0,1,0,1,0,0,0,1,1,0,0,
168,30.09.1956,Bundesbeschluss vom 27.06.1956 über das Volksbegehren betreffend Ausgabenbeschlüsse der Bundesversammlung (Gegenentwurf),0,0,1,1,0,1,1,0,1,1,0,0,0,0,0,0,1,0,0,0,0,1,1,0,1,
169,03.03.1957,Bundesbeschluss vom 21.12.1956 über die Ergänzung der Bundesverfassung durch einen Artikel 22bis über den Zivilschutz,1,1,1,1,0,1,1,1,1,0,1,0,0,1,1,1,1,1,0,1,1,0,0,0,0,
170,03.03.1957,Bundesbeschluss vom 21.12.1956 über die Ergänzung der Bundesverfassung durch einen Artikel 36bis betreffend Rundspruch und Fernsehen,0,0,1,1,0,1,1,0,1,1,0,0,0,0,0,1,0,0,0,0,1,1,1,1,1,
171,24.11.1957,Bundesbeschluss vom 20.09.1957 über die Ergänzung der Bundesverfassung durch einen Artikel 24quinquies betreffend die Atomenergie und den Strahlenschutz,1,1,1,1,1,1,1,1,1,1,1,1,1,1,1,1,1,1,1,1,1,1,1,1,1,
172,24.11.1957,Bundesbeschluss vom 01.10.1957 über die befristete Verlängerung der Geltungsdauer der Uebergangsordnung betreffend die Brotgetreideversorgung des Landes,1,1,1,1,1,1,1,1,1,1,1,1,1,1,0,1,1,1,1,1,1,1,1,1,1,
173,26.01.1958,Volksbegehren gegen den Missbrauch wirtschaftlicher Macht,0,0,0,0,0,0,0,0,0,0,0,0,0,0,0,0,0,0,0,0,0,0,0,0,0,
174,11.05.1958,Bundesbeschluss vom 31.01.1958 über die verfassungsmässige Neuordnung des Finanzhaushaltes des Bundes,1,0,1,1,1,1,1,1,1,1,0,1,0,1,1,1,1,1,0,1,1,1,1,0,1,
175,06.07.1958,Bundesbeschluss vom 21.03.1958 über die Ergänzung der Bundesverfassung durch einen Artikel 27ter betreffend das Filmwesen,1,1,1,1,1,1,1,1,1,1,1,1,1,0,0,1,1,1,1,1,1,1,1,1,1,
176,06.07.1958,Bundesbeschluss vom 21.03.1958 über das Volksbegehren für die Verbesserung des Strassennetzes (Gegenentwurf),1,1,1,1,0,1,1,1,1,1,1,1,1,1,1,1,1,1,1,1,1,1,1,1,1,
177,26.10.1958,Volksbegehren für die 44-Stundenwoche (Arbeitszeitverkürzung),0,0,0,0,0,0,0,0,0,0,0,1,0,0,0,0,0,0,0,0,0,0,0,0,0,
178,07.12.1958,Bundesbeschluss vom 26.09.1958 über die Aenderung der Bundesverfassung (Kursaalspiele),1,1,1,1,1,1,1,1,1,1,1,1,0,1,1,1,1,1,1,1,1,1,1,1,0,
179,07.12.1958,Bundesbeschluss vom 20.12.1957 betreffend die Genehmigung des zwischen der Schweizerischen Eidgenossenschaft und der Italienischen Republik abgeschlossenen Abkommens über die Nutzbarmachung der Wasserkraft des Spöl,1,1,1,1,1,1,1,1,1,1,1,1,1,1,1,1,1,1,1,1,1,1,1,1,1,
180,01.02.1959,Bundesbeschluss vom 13.06.1958 über die Einführung des Frauenstimm- und -wahlrechts in eidgenössischen Angelegenheiten,0,0,0,0,0,0,0,0,0,0,0,0,0,0,0,0,0,0,0,0,0,1,0,1,1,
181,24.05.1959,Bundesbeschluss vom 17.12.1958 über die Ergänzung der Bundesverfassung durch einen Artikel 22bis über den Zivilschutz,1,1,1,1,1,1,1,1,1,1,1,1,1,1,1,1,1,1,1,1,1,1,1,1,1,
182,29.05.1960,Bundesbeschluss vom 24.03.1960 über die Weiterführung befristeter Preiskontrollmassnahmen,1,1,1,1,1,1,1,1,1,1,1,1,1,1,1,1,1,1,1,1,1,1,1,1,1,
183,04.12.1960,Bundesbeschluss vom 30.06.1960 betreffend die Aenderung des Bundesbeschlusses über zusätzliche wirtschaftliche und finanzielle Massnahmen auf dem Gebiete der Milchwirtschaft,1,1,0,0,0,0,0,1,0,1,1,1,1,1,0,1,0,1,1,1,1,1,1,1,1,
184,05.03.1961,Bundesbeschluss vom 14.12.1960 über die Ergänzung der Bundesverfassung durch einen Artikel 26bis betreffend Rohrleitungsanlagen zur Beförderung flüssiger oder gasförmiger Brenn- oder Treibstoffe,1,1,1,1,1,1,1,1,1,1,1,1,1,1,1,1,1,1,1,1,1,1,1,1,1,
185,05.03.1961,Bundesbeschluss vom 29.09.1960 über die Erhebung eines Zollzuschlages auf Treibstoffen zur Finanzierung der Nationalstrassen,0,0,0,1,1,1,1,1,1,0,0,0,0,1,1,1,1,1,0,1,0,0,0,0,0,
186,22.10.1961,Volksbegehren für die Einführung der Gesetzesinitiative im Bund,0,0,0,0,0,0,0,0,0,0,0,0,0,0,0,0,0,0,0,0,0,0,0,0,0,
187,03.12.1961,Bundesbeschluss vom 23.06.1961 über die schweizerische Uhrenindustrie (Uhrenstatut),1,1,0,1,1,1,1,1,1,1,1,1,1,1,0,1,1,1,1,1,1,1,1,1,1,
188,01.04.1962,Volksbegehren für ein Verbot von Atomwaffen,0,0,0,0,0,0,0,0,0,0,0,0,0,0,0,0,0,0,0,0,1,1,0,1,1,
189,27.05.1962,Bundesbeschluss vom 21.12.1961 über die Ergänzung der Bundesverfassung durch einen Artikel 24sexies betreffend den Natur- und Heimatschutz,1,1,1,1,1,1,1,1,1,1,1,1,1,1,1,1,1,1,1,1,1,1,1,1,1,
190,27.05.1962,Bundesgesetz vom 21.12.1961 über die Abänderung des Bundesgesetzes betreffend die Taggelder und Reiseentschädigungen des Nationalrates und der Kommission der eidgenössischen Räte,0,0,0,0,0,0,0,0,0,0,0,0,0,0,0,0,0,0,0,0,0,0,0,0,1,
191,04.11.1962,Bundesbeschluss vom 15.06.1962 über die Aenderung des Artikels 72 der Bundesverfassung (Wahl des Nationalrates),1,1,1,1,0,1,1,0,1,0,1,1,1,1,1,1,1,0,1,0,0,1,1,1,1,
192,26.05.1963,Volksbegehren für das Entscheidungsrecht des Volkes über die Ausrüstung der schweizerischen Armee mit Atomwaffen,0,0,0,0,0,0,0,0,0,0,0,1,0,0,0,0,0,0,0,0,1,1,0,1,1,
193,08.12.1963,Bundesbeschluss vom 27.09.1963 über die Weiterführung der Finanzordnung des Bundes (Verlängerung der Geltungsdauer von Art.41ter BV und Ermässigung der Wehrsteuer),1,1,1,1,1,1,1,1,1,1,1,1,1,1,1,1,1,1,1,1,1,1,1,1,1,
194,08.12.1963,Bundesbeschluss vom 21.06.1963 betreffend die Ergänzung der Bundesverfassung durch einen Artikel 27quater über Stipendien und andere Ausbildungsbeihilfen,1,1,1,1,1,1,1,1,1,1,1,1,1,1,1,1,1,1,1,1,1,1,1,1,1,
195,02.02.1964,Bundesbeschluss vom 27.09.1963 über den Erlass einer allgemeinen Steueramnestie auf den 1. Januar 1965,0,0,0,0,0,0,0,0,0,0,0,0,0,1,0,1,1,1,0,0,0,0,0,0,0,
196,24.05.1964,Bundesgesetz vom 20.09.1963 über die Berufsbildung,1,1,1,1,1,1,1,1,1,1,1,1,1,1,1,1,1,1,1,1,1,1,1,1,1,
197,06.12.1964,Bundesbeschluss vom 09.10.1964 über die Weiterführung befristeter Preiskontrollmassnahmen,1,1,1,1,1,1,1,1,1,1,1,1,1,1,1,1,1,1,1,1,1,1,1,1,1,
198,28.02.1965,Bundesbeschluss vom 13.03.1964 über die Bekämpfung der Teuerung durch Massnahmen auf dem Gebiete des Geld- und Kapitalmarktes und des Kreditwesens,1,1,1,1,1,1,1,1,1,1,1,0,1,1,1,1,1,0,1,1,0,1,0,1,1,
199,28.02.1965,Bundesbeschluss vom 13.03.1964 über die Bekämpfung der Teuerung durch Massnahmen auf dem Gebiete der Bauwirtschaft,1,1,1,1,1,1,0,1,1,1,1,0,0,1,0,1,1,0,1,1,0,1,0,1,1,
200,16.05.1965,"Bundesgesetz vom 02.10.1964 betreffend die Aenderung des Beschlusses der Bundesversammlung über Milch, Milchprodukte und Speisefette (Milchbeschluss)",1,1,1,1,1,1,1,1,1,1,1,1,1,1,1,1,1,1,1,1,1,1,1,1,1,
201,16.10.1966,Bundesbeschluss vom 25.03.1966 über die Ergänzung der Bundesverfasssung durch einen Artikel 45bis über die Auslandschweizer,1,1,1,1,1,1,1,1,1,1,1,1,1,1,1,1,1,1,1,1,1,1,1,1,1,
202,16.10.1966,Volksbegehren zur Bekämpfung des Alkoholismus,0,0,0,0,0,0,0,0,0,0,0,0,0,0,0,0,0,0,0,0,0,0,0,0,0,
203,02.07.1967,Volksbegehren gegen die Bodenspekulation,0,0,0,0,0,0,0,0,0,0,0,0,0,0,0,0,0,0,0,0,0,0,0,0,1,
204,18.02.1968,Bundesbeschluss vom 05.10.1967 über den Erlass einer allgemeinen Steueramnestie,1,1,1,1,1,1,1,1,1,1,1,1,1,1,1,1,1,1,1,1,1,1,1,1,1,
205,19.05.1968,Bundesgesetz vom 05.10.1967 über die Tabakbesteuerung,0,1,0,0,0,1,1,0,0,1,0,0,0,1,0,1,0,1,0,0,1,1,1,1,1,
206,01.06.1969,Bundesgesetz vom 04.10.1968 über die Eidgenössischen Technischen Hochschulen,0,0,0,0,0,0,0,0,0,0,0,0,0,0,0,0,0,0,0,0,0,1,0,1,0,
207,14.09.1969,Bundesbeschluss vom 21.03.1969 über die Ergänzung der Bundesverfassung durch die Artikel 22ter und 22quater (Verfassungsrechtliche Ordnung des Bodenrechts),1,1,1,1,0,0,1,1,1,1,1,1,1,1,1,1,1,1,0,1,1,1,1,1,1,
208,01.02.1970,Bundesbeschluss vom 27.06.1969 über die inländische Zuckerwirtschaft,0,1,1,1,1,1,1,0,1,1,1,0,0,0,1,1,1,1,0,1,0,1,1,0,0,
209,07.06.1970,Volksbegehren gegen die Ueberfremdung,0,1,1,1,1,1,1,0,0,1,1,0,0,0,0,0,0,0,0,0,0,0,0,0,0,
210,27.09.1970,Bundesbeschluss vom 18.03.1970 über die Ergänzung der Bundesverfassung durch einen Artikel 27quinquies betreffend die Förderung von Turnen und Sport,1,1,1,1,1,1,1,1,1,1,1,1,1,1,1,1,1,1,1,1,1,1,1,1,1,
211,27.09.1970,Volksbegehren für das Recht auf Wohnung und den Ausbau des Familienschutzes,1,1,0,0,0,0,0,0,0,1,0,1,1,0,0,0,0,0,0,0,1,1,0,1,1,
212,15.11.1970,Bundesbeschluss vom 24.06.1970 über die Aenderung der Finanzordnung des Bundes,1,1,0,0,0,0,0,1,0,0,1,1,1,1,0,0,0,0,0,1,1,0,0,1,0,
213,07.02.1971,Bundesbeschluss vom 09.10.1970 über die Einführung des Frauenstimm- und Wahlrechts in eidgenössischen Angelegenheiten,1,1,1,0,0,0,1,0,1,1,1,1,1,1,0,0,0,1,1,0,1,1,1,1,1,
214,06.06.1971,Bundesbeschluss vom 18.12.1970 über die Ergänzung der Bundesverfassung durch einen Artikel 24septies betreffend den Schutz des Menschen und seiner natürlichen Umwelt gegen schädliche oder lästige Einwirkungen,1,1,1,1,1,1,1,1,1,1,1,1,1,1,1,1,1,1,1,1,1,1,1,1,1,
215,06.06.1971,Bundesbeschluss vom 11.03.1971 über die Weiterführung der Finanzordnung des Bundes,1,1,1,1,1,1,1,1,1,1,1,1,1,1,1,1,1,1,1,1,1,1,1,1,1,
216,05.03.1972,Bundesbeschluss vom 17.12.1971 betreffend die Ergänzung der Bundesverfassung durch einen Artikel 34sexies über den Wohnungsbau und betreffend das Volksbegehren zur Bildung eines Wohnbaufonds (Denner-Initiative),0,0,0,0,0,0,0,0,0,0,0,0,0,0,0,0,0,0,0,0,0,0,0,0,0,
217,05.03.1972,Bundesbeschluss vom 17.12.1971 betreffend die Ergänzung der Bundesverfassung durch einen Artikel 34septies über die Allgemeinverbindlicherklärung von Mietverträgen und Massnahmen zum Schutze der Mieter,1,1,1,1,1,1,1,1,1,1,1,1,1,1,1,1,1,1,1,1,1,1,1,1,1,
218,04.06.1972,Bundesbeschluss vom 25.06.1971 über Massnahmen zur Stabilisierung des Baumarktes,1,1,1,1,1,1,1,1,1,1,1,1,1,1,1,1,1,1,1,1,1,1,1,1,1,
219,04.06.1972,Bundesbeschluss vom 08.10.1971 über den Schutz der Währung,1,1,1,1,1,1,1,1,1,1,1,1,1,1,1,1,1,1,1,1,1,1,1,1,1,
220,24.09.1972,Volksbegehren betreffend vermehrte Rüstungskontrolle und ein Waffenausfuhrverbot,0,0,0,0,0,0,0,0,0,1,0,1,1,0,0,0,0,0,1,0,1,1,0,1,1,
221,03.12.1972,"Bundesbeschluss vom 30.06.1972 betreffend das Volksbegehren für eine wirkliche Volkspension und die Aenderung der Bundesverfassung auf dem Gebiete der Alters-, Hinterlassenen- und Invalidenvorsorge",0,0,0,0,0,0,0,0,0,0,0,0,0,0,0,0,0,0,0,0,0,0,0,0,0,
222,03.12.1972,Bundesbeschluss vom 03.10.1972 über die Abkommen zwischen der Schweizerischen Eidgenossenschaft und der Europäischen Wirtschaftsgemeinschaft sowie den Mitgliedstaaten der Europäischen Gemeinschaft für Kohle und Stahl,1,1,1,1,1,1,1,1,1,1,1,1,1,1,1,1,1,1,1,1,1,1,1,1,1,
223,04.03.1973,Bundesbeschluss vom 06.10.1972 über die Aenderung der Bundesverfassung betreffend das Bildungswesen,1,1,1,0,0,0,1,0,1,1,1,1,1,0,0,0,0,1,0,0,1,0,0,0,1,
224,04.03.1973,Bundesbeschluss vom 06.10.1972 über die Ergänzung der Bundesverfassung betreffend die Förderung der wissenschaftlichen Forschung,1,1,1,0,0,1,1,1,1,1,1,1,1,1,0,0,1,1,1,1,1,1,1,1,1,
225,20.05.1973,Bundesbeschluss vom 06.10.1972 über die Aufhebung des Jesuiten- und des Klosterartikels der Bundesverfassung (Art. 51 und 52),0,0,1,1,1,1,1,1,1,1,1,1,1,0,0,1,1,1,1,1,1,0,1,0,1,
226,02.12.1973,"Bundesbeschluss vom 20.12.1972 betreffend Ueberwachung der Preise, Löhne und Gewinne",1,1,1,1,1,1,1,1,1,1,1,1,1,1,1,1,1,0,1,1,1,1,0,1,1,
227,02.12.1973,Bundesbeschluss vom 20.12.1972 über Massnahmen auf dem Gebiete des Kreditwesens,1,1,1,1,0,0,1,1,1,1,1,1,1,1,1,1,1,0,1,1,1,1,0,1,1,
228,02.12.1973,Bundesbeschluss vom 20.12.1972 über Massnahmen zur Stabilisierung des Baumarktes,1,1,1,1,1,1,1,1,1,1,1,1,1,1,1,1,1,0,1,1,1,1,0,1,1,
229,02.12.1973,"Bundesbeschluss vom 20.12.1972 über die Einschränkung der steuerwirksamen Abschreibungen bei den Einkommenssteuern von Bund, Kantonen und Gemeinden",1,1,1,1,1,0,1,1,1,1,1,1,1,1,1,1,1,0,1,1,1,1,0,1,1,
230,02.12.1973,Bundesbeschluss vom 27.06.1973 über einen Tierschutzartikel anstelle des bisherigen Artikels 25bis der Bundesverfassung,1,1,1,1,1,1,1,1,1,1,1,1,1,1,1,1,1,1,1,1,1,1,1,1,1,
231,20.10.1974,Volksbegehren gegen die Ueberfremdung und Uebervölkerung der Schweiz,0,0,0,0,0,0,0,0,0,0,0,0,0,0,0,0,0,0,0,0,0,0,0,0,0,
232,08.12.1974,Bundesbeschluss vom 04.10.1974 zur Verbesserung des Bundeshaushalts,0,0,0,0,0,0,0,1,0,0,0,0,0,1,0,0,0,1,0,0,1,1,0,0,0,
233,08.12.1974,Bundesbeschluss vom 04.10.1974 über die Erschwerung von Ausgabenbeschlüssen,1,1,1,1,1,1,1,1,1,1,1,1,1,1,1,1,1,1,1,1,1,1,1,1,1,
234,08.12.1974,"Bundesbeschluss vom 22.03.1974 über das Volksbegehren für die soziale Krankenversicherung und die Aenderung der Bundesverfassung auf dem Gebiet der Kranken-, Unfall- und Mutterschaftsversicherung",0,0,0,0,0,0,0,0,0,0,0,0,0,0,0,0,0,0,0,0,0,0,0,0,0,
235,02.03.1975,Bundesbeschluss vom 04.10.1974 über den Konjunkturartikel der Bundesverfassung,1,1,0,1,0,0,0,1,0,0,1,1,1,0,0,0,1,1,0,1,1,0,0,1,0,
236,08.06.1975,Bundesbeschluss über den Schutz der Währung. Aenderung vom 28.06.1974,1,1,1,1,1,1,1,1,1,1,1,1,1,1,1,1,1,1,1,1,1,1,1,1,1,
237,08.06.1975,Bundesbeschluss über die Finanzierung der Nationalstrassen. Aenderung vom 04.10.1974,1,1,1,1,0,1,1,1,1,1,1,1,1,0,1,1,1,1,0,1,1,1,1,0,0,
238,08.06.1975,Bundesgesetz vom 04.10.1974 über die Aenderung des Generalzolltarifs,0,0,1,1,0,1,1,1,0,1,0,0,0,0,1,1,0,1,0,0,0,1,1,0,0,
239,08.06.1975,Bundesbeschluss vom 31.01.1975 betreffend Erhöhung der Steuereinnahmen ab 1976,1,1,1,1,0,1,1,1,1,1,1,1,1,0,1,1,1,1,0,0,1,1,1,1,0,
240,08.06.1975,Bundesbeschluss vom 31.01.1975 über die Erschwerung von Ausgabenbeschlüssen,1,1,1,1,1,1,1,1,1,1,1,1,1,1,1,1,1,1,1,1,1,1,1,1,1,
241,07.12.1975,Bundesbeschluss vom 13.12.1974 über eine Aenderung der Bundesverfassung (Niederlassungsfreiheit und Unterstützungsregelung),1,1,1,1,1,1,1,1,1,1,1,1,1,1,1,1,1,1,1,1,1,1,1,1,1,
242,07.12.1975,Bundesbeschluss vom 20.06.1975 betreffend Aenderung der Bundesverfassung im Gebiete der Wasserwirtschaft,1,1,1,1,1,1,1,1,1,1,1,1,1,1,1,1,1,1,1,1,1,1,0,1,1,
243,07.12.1975,Bundesgesetz vom 13.12.1974 über die Ein- und Ausfuhr von Erzeugnissen aus Landwirtschaftsprodukten,0,1,1,1,1,1,1,1,1,1,0,0,0,1,1,1,1,1,0,1,1,1,1,1,1,
244,21.03.1976,Bundesbeschluss vom 04.10.1974 betreffend das Volksbegehren über die Mitbestimmung,0,0,0,0,0,0,0,0,0,0,0,0,0,0,0,0,0,0,0,0,0,0,0,0,0,
245,21.03.1976,Volksbegehren für gerechtere Besteuerung und die Abschaffung der Steuerprivilegien,0,0,0,0,0,0,0,0,0,0,0,1,0,0,0,0,0,0,0,0,0,0,0,0,0,
246,13.06.1976,Bundesgesetz vom 04.10.1974 über die Raumplanung,1,0,0,0,0,0,0,0,0,0,1,1,1,0,0,0,0,0,0,0,1,0,0,1,0,
247,13.06.1976,Bundesbeschluss vom 20.06.1975 betreffend ein Abkommen zwischen der Schweiz und der Internationalen Entwicklungsorganisation (IDA) über ein Darlehen von 200 Millionen Franken,0,0,0,0,0,0,0,0,0,0,0,1,0,0,0,0,0,0,0,0,1,0,0,1,1,
248,13.06.1976,Bundesbeschluss vom 11.03.1976 über eine Neukonzeption der Arbeitslosenversicherung,1,1,1,1,0,1,1,1,1,1,1,1,1,1,1,1,1,1,1,1,1,1,1,1,1,
249,26.09.1976,Bundesbeschluss vom 19.03.1976 betreffend einen Verfassungsartikel über Radio und Fernsehen,0,0,0,0,0,0,0,0,0,1,0,0,0,0,0,1,0,0,0,0,1,0,1,0,0,
250,26.09.1976,Volksbegehren zur Einführung einer Haftpflichtversicherung für Motorfahrzeuge und Fahrräder durch den Bund,0,0,0,0,0,0,0,0,0,0,0,0,0,0,0,0,0,0,0,0,0,0,0,0,0,
251,05.12.1976,Bundesbeschluss vom 19.12.1975 über Geld- und Kreditpolitik,1,1,1,1,1,1,1,1,1,1,1,1,1,1,1,1,1,1,1,1,1,1,1,1,1,
252,05.12.1976,Bundesbeschluss vom 19.12.1975 über die Preisüberwachung,1,1,1,1,1,1,1,1,1,1,1,1,1,1,1,1,1,1,1,1,1,1,1,1,1,
253,05.12.1976,Volksinitiative 'zur Einführung der 40-Stunden-Woche',0,0,0,0,0,0,0,0,0,0,0,0,0,0,0,0,0,0,0,0,0,0,0,0,0,
254,13.03.1977,Republikanische Volksbegehren 'zum Schutze der Schweiz' (4. Ueberfremdungsinitiative),0,0,0,0,0,0,0,0,0,0,0,0,0,0,0,0,0,0,0,0,0,0,0,0,0,
255,13.03.1977,Volksbegehren 'zur Beschränkung der Einbürgerungen' (5. Ueberfremdungsinitiative),0,0,0,0,0,0,0,0,0,0,0,0,0,0,0,0,0,0,0,0,0,0,0,0,0,
256,13.03.1977,Bundesbeschluss vom 17.12.1976 über die Neuordnung des Staatsvertragsreferendums: Volksinitiative 'gegen die Beschränkung des Stimmrechts bei Staatsverträgen mit dem Ausland',0,0,0,0,0,0,0,0,0,0,0,0,0,0,0,0,0,0,0,0,0,0,0,0,0,
257,12.06.1977,Bundesbeschluss vom 17.12.1976 über die Neuordnung der Umsatzsteuer und der direkten Bundessteuer,0,0,0,0,0,0,0,0,0,0,0,0,0,0,0,0,0,1,0,0,0,0,0,0,0,
258,12.06.1977,Bundesbeschluss vom 17.12.1976 über die Steuerharmonisierung,1,1,1,1,0,0,0,1,0,1,1,1,1,1,1,0,1,1,1,1,1,1,0,1,1,
259,25.09.1977,Bundesbeschluss vom 25.03.1977 über die Volksinitiative 'für einen wirksamen Mieterschutz',0,0,0,0,0,0,0,0,0,0,0,1,0,0,0,0,0,0,0,0,0,1,0,1,1,
260,25.09.1977,Volksinitiative 'gegen die Luftverschmutzung durch Motorfahrzeuge',0,0,0,0,0,0,0,0,0,0,0,1,0,0,0,0,0,0,0,0,0,0,0,0,1,
261,25.09.1977,Bundesbeschluss vom 25.03.1977 über die Erhöhung der Unterschriftenzahl für das Referendum (Art. 89 und 89bis BV),1,1,1,1,1,1,1,1,1,1,1,1,1,1,1,1,1,1,1,1,1,0,0,0,0,
262,25.09.1977,Bundesbeschluss vom 25.03.1977 über die Erhöhung der Unterschriftenzahl für die Verfassungsinitiative (Art. 120 und 121 BV),1,1,1,1,1,1,1,1,1,1,1,1,1,1,1,1,1,1,1,1,1,0,1,0,0,
263,25.09.1977,Volksinitiative 'für die Fristenlösung',1,1,0,0,0,0,0,0,0,0,0,1,1,1,0,0,0,0,0,0,0,1,0,1,1,
264,04.12.1977,"Volksbegehren 'zur Steuerharmonisierung, zur stärkeren Besteuerung des Reichtums und zur Entlastung der unteren Einkommen (Reichtumsteuer-Initiative)'",0,1,0,0,0,0,0,0,0,0,0,1,0,0,0,0,0,0,0,0,0,0,0,1,0,
265,04.12.1977,Bundesgesetz vom 17.12.1976 über die politischen Rechte,1,1,1,1,1,1,1,1,1,1,1,1,1,1,1,1,1,1,1,1,1,1,1,0,0,
266,04.12.1977,Bundesbeschluss vom 05.05.1977 über die Einführung eines zivilen Ersatzdienstes,0,0,0,0,0,0,0,0,0,0,0,0,0,0,0,0,0,0,0,0,0,0,0,0,0,
267,04.12.1977,Bundesgesetz vom 05.05.1977 über Massnahmen zum Ausgleich des Bundeshaushaltes,1,1,1,1,1,1,1,1,1,1,1,1,1,1,1,1,1,1,1,1,1,1,1,1,1,
268,26.02.1978,Volksinitiative 'Demokratie im Nationalstrassenbau',0,0,0,0,0,0,0,0,0,0,0,0,0,0,0,0,0,0,0,0,0,0,0,0,0,
269,26.02.1978,"Bundesgesetz über die Alters- und Hinterlassenenversicherung, Aenderung vom 24.06.1977 (9. AHV-Revision)",1,1,1,1,1,1,1,1,1,1,1,1,1,1,1,1,1,1,1,1,1,1,1,1,1,
270,26.02.1978,Volksinitiative 'zur Herabsetzung des AHV-Alters',0,0,0,0,0,0,0,0,0,0,0,0,0,0,0,0,0,0,0,0,0,0,0,0,0,
271,26.02.1978,Bundesbeschluss vom 07.10.1977 über den Konjunkturartikel der Bundesverfassung,1,1,1,1,1,1,1,1,1,1,1,1,1,1,1,1,1,1,1,1,1,1,1,1,1,
272,28.05.1978,Zeitgesetz vom 24.06.1977,1,0,0,0,0,0,0,0,0,0,0,1,1,0,0,0,0,0,0,0,1,1,0,1,1,
273,28.05.1978,"Zolltarifgesetz, Aenderung vom 07.10.1977",1,1,1,0,0,1,1,1,1,1,1,1,1,1,1,1,1,1,1,1,0,1,0,0,1,
274,28.05.1978,Bundesgesetz vom 24.06.1977 über den Schutz der Schwangerschaft und die Strafbarkeit des Schwangerschaftsabbruchs,0,0,0,0,0,0,0,0,0,0,0,0,0,0,0,0,0,0,0,0,0,0,0,0,0,
275,28.05.1978,Bundesgesetz vom 07.10.1977 über die Förderung der Hochschulen und die Forschung (HFG),0,0,0,0,0,0,0,0,0,0,0,1,0,0,0,0,0,0,0,0,1,0,0,1,1,
276,28.05.1978,Volksinitiative 'für 12 motorfahrzeugfreie und motorflugzeugfreie Sonntage pro Jahr',0,0,0,0,0,0,0,0,0,0,0,0,0,0,0,0,0,0,0,0,0,0,0,0,0,
277,24.09.1978,Bundesbeschluss vom 09.03.1978 über die Gründung des Kantons Jura,1,1,1,1,1,1,1,1,1,1,1,1,1,1,1,1,1,1,1,1,1,1,1,1,1,
278,03.12.1978,Milchwirtschaftsbeschluss 1977 (MWB 1977) vom 07.10.1977,1,1,1,1,1,1,1,1,1,1,1,1,1,1,1,1,1,1,1,1,1,1,1,1,1,
279,03.12.1978,Tierschutzgesetz (TschG) vom 09.03.1978,1,1,1,1,1,1,1,1,1,1,1,1,1,1,1,1,1,1,1,1,1,1,1,1,1,
280,03.12.1978,Bundesgesetz vom 09.03.1978 über die Erfüllung sicherheitspolizeilicher Aufgaben des Bundes,1,0,0,0,0,0,0,0,0,0,0,0,0,0,1,1,1,1,0,1,1,0,0,0,0,
281,03.12.1978,Bundesgesetz vom 19.04.1978 über die Berufsbildung (BBG),1,1,1,0,0,1,1,1,1,1,1,1,1,1,1,1,1,1,1,1,0,0,1,0,1,
282,18.02.1979,Bundesbeschluss vom 23.06.1978 über das Stimm- und Wahlrecht für 18jährige,0,0,0,0,1,0,0,1,1,0,0,1,1,0,0,0,0,0,0,0,1,1,0,1,1,1
283,18.02.1979,Bundesbeschluss vom 06.10.1978 über die Volksinitiative 'zur Förderung der Fuss- und Wanderwege' (Gegenentwurf),1,1,1,1,1,1,1,1,1,1,1,1,1,1,1,1,1,1,1,1,1,1,0,1,1,1
284,18.02.1979,Volksinitiative 'gegen Suchtmittelreklame',0,0,0,0,0,0,0,0,0,0,0,1,0,0,0,0,0,0,0,0,0,0,0,0,0,0
285,18.02.1979,Volksinitiative 'zur Wahrung der Volksrechte und der Sicherheit beim Bau und Betrieb von Atomanlagen',0,0,0,1,0,0,0,0,0,1,0,1,1,0,0,0,0,1,0,0,1,1,0,1,1,1
286,20.05.1979,Bundesbeschluss vom 15.12.1978 über die Neuordnung der Umsatzsteuer und der direkten Bundessteuer,0,0,0,0,0,0,0,0,0,0,0,0,0,0,0,0,0,0,0,0,0,0,0,0,0,0
287,20.05.1979,Bundesbeschluss vom 06.10.1978 zum Atomgesetz,1,1,1,1,1,1,1,1,1,1,1,1,1,1,1,1,1,1,1,1,1,1,1,1,1,0
288,02.03.1980,Volksinitiative 'betreffend die vollständige Trennung von Staat und Kirche',0,0,0,0,0,0,0,0,0,0,0,0,0,0,0,0,0,0,0,0,0,0,0,0,0,0
289,02.03.1980,Bundesbeschluss vom 22.06.1979 über die Neuordnung der Landesversorgung,1,1,1,1,1,1,1,1,1,1,1,1,1,1,1,1,1,1,1,1,1,1,1,1,1,1
290,30.11.1980,"Bundesgesetz über den Strassenverkehr, Aenderung vom 21.03.1980 (Sicherheitsgurten und Schutzhelme)",1,1,1,0,0,0,0,1,1,0,1,1,1,1,1,1,1,1,1,1,0,0,0,0,0,0
291,30.11.1980,Bundesbeschluss vom 20.06.1980 über die Aufhebung des Kantonsanteiles am Reinertrag der Stempelabgaben,1,1,1,1,1,1,1,1,1,1,1,1,1,1,1,1,1,1,1,1,1,0,1,0,1,0
292,30.11.1980,Bundesbeschluss vom 20.06.1980 über die Neuverteilung der Reineinnahmen der Eidgenössischen Alkoholverwaltung aus der fiskalischen Belastung der gebrannten Wasser,1,1,1,1,1,1,1,1,1,1,1,1,1,1,1,1,1,1,1,1,1,1,1,0,1,0
293,30.11.1980,Bundesbeschluss vom 20.06.1980 über die Revision der Brotgetreideordnung des Landes,1,1,1,1,1,1,1,1,1,1,1,1,1,1,1,1,1,1,1,1,0,1,0,0,1,0
294,05.04.1981,'Mitenand-Initiative für eine neue Ausländerpolitik',0,0,0,0,0,0,0,0,0,0,0,0,0,0,0,0,0,0,0,0,0,0,0,0,0,0
295,14.06.1981,Bundesbeschluss vom 10.10.1980 über die Volksinitiative 'Gleiche Rechte für Mann und Frau' (Gegenentwurf),1,1,1,0,0,1,0,0,1,1,1,1,1,1,0,0,0,1,1,0,1,1,0,1,1,1
296,14.06.1981,Bundesbeschluss vom 10.10.1980 über die Volksinitiative 'zur Absicherung der Rechte der Konsumenten' (Gegenentwurf),1,1,1,1,0,0,1,1,1,1,1,1,1,1,1,0,1,1,1,1,1,1,0,1,1,1
297,29.11.1981,Bundesbeschluss vom 19.06.1981 über die Weiterführung der Finanzordnung und die Verbesserung des Bundeshaushaltes,1,1,1,1,1,1,1,1,1,1,1,1,1,1,1,1,1,1,1,1,1,1,1,1,1,1
298,06.06.1982,Ausländergesetz (AuG) vom 19.06.1981,1,0,0,0,0,0,0,0,0,1,0,1,1,0,0,0,1,1,0,0,0,1,1,1,0,1
299,06.06.1982,"Schweizerisches Strafgesetzbuch, Aenderung vom 09.10.1981 (Gewaltverbrechen)",1,1,1,1,1,1,1,1,1,1,1,1,1,1,1,1,1,1,1,1,1,1,1,1,1,0
300,28.11.1982,Bundesbeschluss vom 19.03.1982 über die Volksinitiative 'zur Verhinderung missbräuchlicher Preise',1,1,1,1,0,0,0,1,1,1,1,1,1,1,0,0,1,1,1,0,1,1,0,1,1,1
301,27.02.1983,Bundesbeschluss vom 08.10.1982 über die Neuregelung bei den Treibstoffzöllen,0,1,1,1,0,0,1,1,1,1,1,1,1,0,0,0,0,1,0,1,1,1,1,1,0,1
302,27.02.1983,Bundesbeschluss vom 08.10.1982 über den Energieartikel in der Bundesverfassung,1,1,0,0,0,0,0,0,0,1,0,0,0,0,0,0,1,1,0,1,1,1,0,1,1,1
303,04.12.1983,Bundesbeschluss vom 24.06.1983 über Aenderungen der Bürgerrechtsregelung in der Bundesverfassung,1,1,1,1,0,0,1,1,1,1,1,1,1,1,1,1,1,1,1,1,1,1,0,1,1,1
304,04.12.1983,Bundesbeschluss vom 24.06.1983 über die Erleichterung gewisser Einbürgerungen,1,0,0,0,0,0,0,0,0,0,0,1,1,0,0,0,0,1,0,0,0,0,0,1,0,1
305,26.02.1984,Bundesbeschluss vom 24.06.1983 über die Erhebung einer Schwerverkehrsabgabe,1,1,1,1,0,0,1,1,1,0,1,1,1,1,1,1,1,1,1,1,1,0,0,0,0,0
306,26.02.1984,Bundesbeschluss vom 24.06.1983 über eine Abgabe für die Benützung der Nationalstrassen,1,1,1,1,0,1,1,1,1,0,1,1,1,1,1,1,1,1,1,1,1,0,0,0,0,0
307,26.02.1984,Volksinitiative 'für einen echten Zivildienst auf der Grundlage des Tatbeweises',0,0,0,0,0,0,0,0,0,0,0,1,0,0,0,0,0,0,0,0,0,0,0,0,1,0
308,20.05.1984,Volksinitiative 'gegen den Missbrauch des Bankgeheimnisses und der Bankenmacht',0,0,0,0,0,0,0,0,0,0,0,0,0,0,0,0,0,0,0,0,0,0,0,0,0,0
309,20.05.1984,Volksinitiative 'gegen den Ausverkauf der Heimat',1,1,0,0,0,0,0,0,0,0,1,1,1,1,1,0,1,0,1,1,0,0,0,0,0,0
310,23.09.1984,Volksinitiative 'für eine Zukunft ohne weitere Atomkraftwerke',0,0,0,0,0,0,0,0,0,0,0,1,1,0,0,0,0,0,0,0,1,1,0,1,1,1
311,23.09.1984,"Volksinitiative 'für eine sichere, sparsame und umweltgerechte Energieversorgung'",0,0,0,0,0,0,0,0,0,0,0,1,1,0,0,0,0,0,0,0,1,1,0,1,1,1
312,02.12.1984,Volksinitiative 'für einen wirksamen Schutz der Mutterschaft',0,0,0,0,0,0,0,0,0,0,0,0,0,0,0,0,0,0,0,0,0,0,0,0,0,0
313,02.12.1984,Bundesbeschluss vom 23.06.1984 über einen Radio- und Fernsehartikel,1,1,1,1,1,1,1,1,1,1,1,1,1,1,1,1,1,1,1,1,1,1,1,1,1,1
314,02.12.1984,Bundesbeschluss vom 22.06.1984 über die Volksinitiative 'zur Entschädigung der Opfer von Gewaltverbrechen' (Gegenentwurf),1,1,1,1,1,1,1,1,1,1,1,1,1,1,1,1,1,1,1,1,1,1,1,1,1,1
315,10.03.1985,Bundesbeschluss vom 05.10.1984 über die Aufhebung der Beiträge für den Primarschulunterricht,1,1,1,0,1,1,1,1,1,0,1,1,1,1,1,1,1,1,1,1,1,1,0,0,1,0
316,10.03.1985,Bundesbeschluss vom 05.10.1984 über die Aufhebung der Beitragspflicht des Bundes im Gesundheitswesen,1,1,1,0,0,1,1,1,1,0,0,1,1,1,1,1,1,1,0,1,0,1,0,0,0,0
317,10.03.1985,Bundesbeschluss vom 05.10.1984 über die Ausbildungsbeiträge,1,0,1,0,0,0,1,1,1,0,0,0,0,1,1,1,1,0,0,1,0,0,0,0,0,0
318,10.03.1985,Volksinitiative 'für eine Verlängerung der bezahlten Ferien' (Ferien-Initiative),0,0,0,0,0,0,0,0,0,0,0,0,0,0,0,0,0,0,0,0,1,0,0,0,0,1
319,09.06.1985,Volksinitiative 'Recht auf Leben',0,0,0,1,1,1,1,0,0,0,0,0,0,0,0,1,0,0,0,0,0,0,1,0,0,1
320,09.06.1985,Bundesbeschluss vom 05.10.1984 über die Aufhebung des Kantonsanteiles am Reinertrag der Stempelabgaben,1,1,1,1,1,1,1,1,1,1,1,1,1,1,1,1,1,1,1,1,1,1,1,1,1,0
321,09.06.1985,Bundesbeschluss vom 05.10.1984 über die Neuverteilung des Reinertrages aus der fiskalischen Belastung gebrannter Wasser,1,1,1,1,1,1,1,1,1,1,1,1,1,1,1,1,1,1,1,1,1,1,1,1,1,0
322,09.06.1985,Bundesbeschluss vom 14.12.1984 über die Aufhebung der Unterstützung für die Selbstversorgung mit Brotgetreide,1,0,0,1,0,0,1,1,1,1,1,1,1,0,1,1,1,1,1,1,1,1,1,1,1,1
323,22.09.1985,Bundesbeschluss vom 05.10.1984 über die Volksinitiative 'für die Koordination des Schuljahresbeginns in allen Kantonen' (Gegenentwurf),0,0,1,1,1,1,1,0,1,1,1,1,1,0,0,0,1,1,0,0,1,1,1,1,1,1
324,22.09.1985,Bundesbeschluss vom 05.10.1984 über die Innovationsrisikogarantie zugunsten von kleinen und mittleren Unternehmen,0,0,0,0,0,0,0,0,0,0,0,1,0,0,0,0,0,0,0,0,1,1,0,1,1,1
325,22.09.1985,"Schweizerisches Zivilgesetzbuch (Wirkungen der Ehe im allgemeinen, Ehegüterrecht und Erbrecht), Aenderung vom 05.10.1984",1,0,1,0,0,0,0,0,1,1,1,1,1,0,0,0,0,0,0,0,1,1,1,1,1,1
326,01.12.1985,Volksinitiative 'für die Abschaffung der Vivisektion',0,0,0,0,0,0,0,0,0,0,0,0,0,0,0,0,0,0,0,0,0,0,0,0,0,0
327,16.03.1986,Bundesbeschluss vom 14.12.1984 über den Beitritt der Schweiz zur Organisation der Vereinten Nationen,0,0,0,0,0,0,0,0,0,0,0,0,0,0,0,0,0,0,0,0,0,0,0,0,0,0
328,28.09.1986,Bundesbeschluss vom 20.12.1985 über die 'Eidgenössische Kulturinitiative',0,0,0,0,0,0,0,0,0,0,0,0,0,0,0,0,0,0,0,0,0,0,0,0,0,0
329,28.09.1986,Volksinitiative 'für eine gesicherte Berufsbildung und Umschulung',0,0,0,0,0,0,0,0,0,0,0,0,0,0,0,0,0,0,0,0,0,0,0,0,0,0
330,28.09.1986,"Bundesbeschluss über die inländische Zuckerwirtschaft, Aenderung vom 21.06.1985",0,0,0,0,0,0,0,0,0,1,0,0,0,0,0,0,0,0,0,1,0,1,1,0,0,1
331,07.12.1986,Bundesbeschluss 21.03.1986 über die Volksinitiative 'für Mieterschutz' (Gegenentwurf),1,1,1,1,0,0,1,0,1,1,1,1,1,1,0,0,1,1,1,1,1,1,0,1,1,1
332,07.12.1986,Volksinitiative 'für eine gerechte Belastung des Schwerverkehrs (Schwerverkehrsabgabe)',0,0,0,0,0,0,0,0,0,0,0,0,0,0,0,0,0,0,0,0,0,0,0,0,0,0
333,05.04.1987,"Asylgesetz, Aenderung vom 20.06.1986",1,1,1,1,1,1,1,1,1,1,1,1,1,1,1,1,1,1,1,1,1,1,1,1,1,1
334,05.04.1987,"Bundesgesetz über Aufenthalt und Niederlassung der Ausländer, Aenderung vom 20.06.1986",1,1,1,1,1,1,1,1,1,1,1,1,1,1,1,1,1,1,1,1,1,1,1,1,1,1
335,05.04.1987,Volksinitiative 'für die Mitsprache des Volkes bei Militärausgaben (Rüstungsreferendum)',0,0,0,0,0,0,0,0,0,0,0,1,0,0,0,0,0,0,0,0,0,0,0,0,1,1
336,05.04.1987,Bundesbeschluss vom 19.12.1986 über das Abstimmungsverfahren bei Volksinitiativen mit Gegenentwurf,1,1,1,1,0,1,1,1,1,1,1,1,1,1,1,1,1,1,1,1,1,1,0,1,1,1
337,06.12.1987,Bundesbeschluss vom 19.12.1986 betreffend das Konzept BAHN 2000,1,0,1,1,0,1,1,1,1,0,0,1,1,1,1,0,1,1,1,1,1,1,1,1,1,1
338,06.12.1987,Volksinitiative 'zum Schutz der Moore - Rothenthurm-Initiative',1,1,1,1,0,1,1,1,1,1,1,1,1,1,1,1,1,1,1,0,1,1,0,1,1,1
339,06.12.1987,"Bundesgesetz über die Krankenversicherung, Aenderung vom 20.03.1987",0,0,0,0,0,0,0,0,0,0,0,0,0,0,0,0,0,0,0,0,1,0,0,0,0,0
340,12.06.1988,Bundesbeschluss vom 20.03.1987 über die Verfassungsgrundlagen für eine koordinierte Verkehrspolitik,0,0,0,1,0,0,0,0,0,0,0,1,1,0,0,0,0,1,0,0,1,0,0,0,0,0
341,12.06.1988,Volksinitiative 'zur Herabsetzung des AHV-Rentenalters auf 62 Jahre für Männer und 60 Jahre für Frauen',0,0,0,0,0,0,0,0,0,0,0,0,0,0,0,0,0,0,0,0,1,0,0,0,0,1
342,04.12.1988,'Stadt-Land-Initiative gegen die Bodenspekulation',0,0,0,0,0,0,0,0,0,0,0,0,0,0,0,0,0,0,0,0,0,0,0,0,0,0
343,04.12.1988,Volksinitiative 'zur Herabsetzung der Arbeitszeit',0,0,0,0,0,0,0,0,0,0,0,0,0,0,0,0,0,0,0,0,1,0,0,0,0,1
344,04.12.1988,Volksinitiative 'für die Begrenzung der Einwanderung',0,0,0,0,0,0,0,0,0,0,0,0,0,0,0,0,0,0,0,0,0,0,0,0,0,0
345,04.06.1989,Volksinitiative 'für ein naturnahes Bauern - gegen Tierfabriken (Kleinbauern-Initiative)',1,1,0,0,0,0,0,1,0,0,1,1,1,1,0,0,0,0,0,0,1,0,0,0,1,0
346,26.11.1989,Volksinitiative 'für eine Schweiz ohne Armee und für eine umfassende Friedenspolitik',0,0,0,0,0,0,0,0,0,0,0,0,0,0,0,0,0,0,0,0,0,0,0,0,1,1
347,26.11.1989,Volksinitiative 'pro Tempo 130/100',0,0,0,0,0,0,0,0,0,1,0,0,0,0,0,0,0,0,0,0,0,1,1,1,1,1
348,01.04.1990,Volksinitiative 'Stopp dem Beton - für eine Begrenzung des Strassenbaus!',0,0,0,0,0,0,0,0,0,0,0,0,0,0,0,0,0,0,0,0,0,0,0,0,0,0
349,01.04.1990,Volksinitiative 'für eine autobahnfreie Landschaft zwischen Murten und Yverdon',0,0,0,0,0,0,0,0,0,0,0,0,0,0,0,0,0,0,0,0,0,0,0,0,0,0
350,01.04.1990,Volksinitiative 'für ein autobahnfreies Knonauer Amt',0,0,0,0,0,0,0,0,0,0,0,0,0,0,0,0,0,0,0,0,0,0,0,0,0,0
351,01.04.1990,Volksinitiative 'für eine autobahnfreie Aarelandschaft zwischen Biel und Solothurn/Zuchwil',0,0,0,0,0,0,0,0,0,0,0,0,0,0,0,0,0,0,0,0,0,0,0,0,0,0
352,01.04.1990,Bundesbeschluss vom 23.06.1989 über den Rebbau,0,0,0,0,0,1,1,0,0,1,0,0,0,1,0,0,0,1,0,1,1,1,1,1,1,1
353,01.04.1990,"Bundesgesetz über die Organisation der Bundesrechtspflege, Aenderung vom 23.06.1989",0,0,0,0,0,0,1,0,0,0,0,0,0,0,0,1,1,1,1,1,0,1,1,0,0,0
354,23.09.1990,Volksinitiative 'für den Ausstieg aus der Atomenergie',0,0,0,1,0,0,0,0,0,0,0,1,1,0,0,0,0,0,0,0,1,1,0,1,1,1
355,23.09.1990,Volksinitiative 'Stopp dem Atomkraftwerkbau (Moratorium)',1,1,1,1,1,1,1,1,1,1,1,1,1,1,1,0,1,1,0,0,1,1,0,1,1,1
356,23.09.1990,Bundesbeschluss vom 06.10.1989 über den Energieartikel in der Bundesverfassung,1,1,1,1,1,1,1,1,1,1,1,1,1,1,1,1,1,1,1,1,1,1,1,1,1,1
357,23.09.1990,"Bundesgesetz über den Strassenverkehr, Aenderung vom 06.10.1989",0,1,1,0,0,1,1,0,0,1,1,0,0,0,1,1,1,0,1,1,1,1,1,1,1,1
358,03.03.1991,Bundesbeschluss vom 05.10.1990 über die Herabsetzung des Stimm- und Wahlrechtsalters auf 18 Jahre,1,1,1,1,1,1,1,1,1,1,1,1,1,1,1,1,1,1,1,1,1,1,1,1,1,1
359,03.03.1991,Volksinitiative 'zur Förderung des öffentlichen Verkehrs',0,0,0,1,0,0,0,0,0,0,0,1,0,0,0,0,0,0,0,0,0,0,0,0,0,0
360,02.06.1991,Bundesbeschluss über die Neuordnung der Bundesfinanzen,1,0,0,0,0,0,0,0,0,0,0,1,0,0,0,0,0,1,0,0,0,0,0,0,0,0
361,02.06.1991,"Militärstrafgesetz (MStG), Aenderung vom 5. Oktober 1990",1,1,1,1,1,1,1,1,1,1,1,1,1,1,1,1,1,1,1,1,1,1,0,0,0,0
362,16.02.1992,Eidgenössische Volksinitiative 'für eine finanziell tragbare Krankenversicherung (Krankenkasseninitiative)',0,0,0,1,0,0,0,0,0,0,0,0,0,0,0,0,0,0,0,0,0,0,0,0,0,0
363,16.02.1992,Eidgenössische Volksinitiative 'zur drastischen und schrittweisen Einschränkung der Tierversuche (Weg vom Tierversuch!)',1,1,0,0,0,0,0,0,0,0,0,0,0,0,1,0,0,1,0,0,0,0,0,0,0,0
364,17.05.1992,Bundesbeschluss über den Beitritt der Schweiz zu den Institutionen von Bretton Woods,1,1,1,0,0,0,1,1,1,1,1,1,1,0,0,0,1,1,1,1,1,1,1,1,1,1
365,17.05.1992,Bundesgesetz über die Mitwirkung der Schweiz an den Institutionen von Bretton Woods,1,1,1,0,0,0,1,1,1,1,1,1,1,0,0,0,1,1,1,1,1,1,1,1,1,1
366,17.05.1992,"Bundesgesetz über den Schutz der Gewässer (Gewässerschutzgesetz, GSchG)",1,1,1,0,0,0,1,0,1,1,1,1,1,1,1,1,1,1,1,1,1,1,0,1,1,1
367,17.05.1992,Bundesbeschluss über die Volksinitiative 'gegen Missbräuche der Fortpflanzungs- und Gentechnologie beim Menschen' (Gegenentwurf),1,1,1,1,1,1,1,1,1,1,1,1,1,1,1,1,1,1,1,1,1,1,0,1,1,1
368,17.05.1992,Bundesbeschluss über die Einführung eines Zivildienstes für Dienstverweigerer,1,1,1,1,1,1,1,1,1,1,1,1,1,1,1,1,1,1,1,1,1,1,1,1,1,1
369,17.05.1992,"Schweizerisches Strafgesetzbuch Militärstrafgesetz (Strafbare Handlungen gegen die sexuelle Integrität), Aenderung vom 21. Juni 1991",1,1,1,1,1,1,1,1,1,1,1,1,1,1,1,1,1,1,1,1,1,1,0,1,1,1
370,17.05.1992,Eidgenössische Volksinitiative 'zur Rettung unserer Gewässer',0,0,0,0,0,0,0,0,0,0,0,0,0,0,0,0,0,0,0,0,0,0,0,0,0,0
371,27.09.1992,Bundesbeschluss über den Bau der schweizerischen Eisenbahn-Alpentransversale (Alpentransit-Beschluss),1,1,1,0,1,1,1,1,1,1,1,1,1,1,0,0,1,1,1,1,1,1,1,1,1,1
372,27.09.1992,"Bundesgesetz über den Geschäftsverkehr der Bundesversammlung sowie über die Form, die Bekanntmachung und das Inkrafttreten ihrer Erlasse (Geschäftsverkehrsgesetz), Aenderung vom 4. Oktober 1991",1,1,0,0,0,0,0,1,1,1,1,1,1,1,0,0,1,1,0,1,1,1,1,1,1,1
373,27.09.1992,"Bundesgesetz über die Stempelabgaben, Aenderung vom 4. Oktober 1991",1,1,1,1,1,1,1,1,1,1,1,1,1,1,1,1,1,1,1,1,1,1,1,1,1,1
374,27.09.1992,Bundesgesetz über das bäuerliche Bodenrecht (BGBB),1,1,1,1,0,0,1,1,0,1,1,1,1,1,1,0,1,0,0,1,1,0,0,1,1,0
375,27.09.1992,"Bundesgesetz über die Bezüge der Mitglieder der eidgenössischen Räte und über die Beiträge an die Fraktionen (Entschädigungsgesetz), Aenderung vom 4. Oktober 1991",0,0,0,0,0,0,0,0,0,0,0,0,0,0,0,0,0,0,0,0,0,0,0,0,0,0
376,27.09.1992,Bundesgesetz über die Beiträge an die Infrastrukturkosten der Fraktionen und der Mitglieder der eidgenössischen Räte (Infrastrukturgesetz),0,0,0,0,0,0,0,0,0,0,0,0,0,0,0,0,0,0,0,0,0,0,0,0,1,0
377,06.12.1992,Bundesbeschluss über den Europäischen Wirtschaftsraum (EWR),0,0,0,0,0,0,0,0,0,1,0,1,1,0,0,0,0,0,0,0,0,1,1,1,1,1
378,07.03.1993,Bundesgesetz über die Erhöhung des Treibstoffzolles vom 9. Oktober 1992,1,1,1,1,0,1,1,1,1,0,1,1,1,1,1,1,1,1,1,1,0,0,0,0,0,0
379,07.03.1993,Bundesbeschluss über die Aufhebung des Spielbankenverbots,1,1,1,1,1,1,1,1,1,1,1,1,1,1,1,1,1,1,1,1,1,1,1,1,1,1
380,07.03.1993,Eidgenössische Volksinitiative 'zur Abschaffung der Tierversuche',0,0,0,0,0,0,0,0,0,0,0,0,0,0,0,0,0,0,0,0,0,0,0,0,0,0
381,06.06.1993,Eidgenössische Volksinitiative '40 Waffenplätze sind genug - Umweltschutz auch beim Militär' ,0,0,0,0,0,0,0,0,0,1,0,1,1,0,0,0,0,0,0,0,1,1,0,1,1,1
382,06.06.1993,Eidgenössische Volksinitiative 'für eine Schweiz ohne neue Kampfflugzeuge',0,0,0,0,0,0,0,0,0,0,0,1,1,0,0,0,0,0,0,0,1,0,0,0,1,1
383,26.09.1993,Bundesbeschluss gegen den Waffenmissbrauch,1,1,1,1,1,1,1,1,1,1,1,1,1,1,1,1,1,1,1,1,1,1,1,1,1,1
384,26.09.1993,Bundesbeschluss über den Anschluss des bernischen Amtsbezirks Laufen an den Kanton Basel-Landschaft,1,1,1,1,1,1,1,1,1,1,1,1,1,1,1,1,1,1,1,1,1,1,1,1,1,1
385,26.09.1993,Eidgenössische Volksinitiative 'für einen arbeitsfreien Bundesfeiertag (1. August-Initiative)',1,1,1,1,1,1,1,1,1,1,1,1,1,1,1,1,1,1,1,1,1,1,1,1,1,1
386,26.09.1993,Bundesbeschluss über befristete Massnahmen gegen die Kostensteigerung in der Krankenversicherung,1,1,1,1,1,1,1,1,1,1,1,1,1,1,1,1,1,1,1,1,1,1,1,1,1,1
387,26.09.1993,Bundesbeschluss über Massnahmen in der Arbeitslosenversicherung,1,1,1,1,1,1,1,1,1,1,1,1,1,1,1,1,1,1,1,1,1,1,1,1,1,1
388,28.11.1993,Bundesbeschluss über die Finanzordnung,1,1,1,1,1,1,1,1,1,1,1,1,1,1,1,1,1,1,1,1,1,1,0,1,1,1
389,28.11.1993,Bundesbeschluss über einen Beitrag zur Gesundung der Bundesfinanzen,1,1,1,1,0,1,1,1,1,1,1,1,1,1,1,1,1,1,1,1,0,1,0,1,0,0
390,28.11.1993,Bundesbeschluss über Massnahmen zur Erhaltung der Sozialversicherung,1,1,1,1,1,1,1,1,1,1,1,1,1,1,1,1,1,1,1,1,1,1,0,1,1,1
391,28.11.1993,Bundesbeschluss über besondere Verbrauchssteuern,1,1,1,1,0,1,1,1,1,1,1,1,1,1,1,1,1,1,1,1,0,1,0,1,1,1
392,28.11.1993,Eidgenössische Volksinitiative 'zur Verminderung der Alkoholprobleme',0,0,0,0,0,0,0,0,0,0,0,0,0,0,0,0,0,0,0,0,0,0,0,0,0,0
393,28.11.1993,Eidgenössische Volksinitiative 'zur Verminderung der Tabakprobleme',0,0,0,0,0,0,0,0,0,0,0,0,0,0,0,0,0,0,0,0,0,0,0,0,0,0
394,20.02.1994,Bundesbeschluss über die Weiterführung der Nationalstrassenabgabe,1,1,1,1,1,1,1,1,1,1,1,1,1,1,1,1,1,1,1,1,1,0,1,0,1,1
395,20.02.1994,Bundesbeschluss über die Weiterführung der Schwerverkehrsabgabe,1,1,1,1,1,1,1,1,1,1,1,1,1,1,1,1,1,1,1,1,1,1,1,1,1,1
396,20.02.1994,Bundesbeschluss über die Einführung einer leistungs- oder verbrauchsabhängigen Schwerverkehrsabgabe,1,1,1,1,1,1,1,1,1,1,1,1,1,1,1,1,1,1,1,1,1,0,0,1,1,1
397,20.02.1994,Eidgenössische Volksinitiative 'zum Schutze des Alpengebietes vor dem Transitverkehr',1,1,1,1,1,1,1,1,1,0,1,1,1,1,1,1,1,1,0,1,1,0,0,0,0,0
398,20.02.1994,"Luftfahrtgesetz (LFG), Aenderung vom 18. Juni 1993",1,1,1,1,1,1,1,1,1,1,1,1,1,1,1,1,1,1,1,1,1,1,1,1,1,1
399,12.06.1994,Bundesbeschluss über einen Kulturförderungsartikel in der Bundesverfassung (Art. 27septies BV),1,1,0,0,0,0,0,0,0,1,0,1,1,0,0,0,0,1,0,0,1,1,1,1,1,1
400,12.06.1994,Bundesbeschluss über die Revision der Bürgerrechtsregelung in der Bundesverfassung (Erleichterte Einbürgerung für junge Ausländer),1,1,0,0,0,0,0,0,1,1,0,1,1,0,0,0,0,1,0,0,0,1,0,1,1,1
401,12.06.1994,Bundesgesetz über schweizerische Truppen für friedenserhaltende Operationen (BTFO),0,0,0,0,0,0,0,0,0,0,0,0,0,0,0,0,0,0,0,0,0,1,0,1,1,1
402,25.09.1994,Bundesbeschluss über die Aufhebung der Verbilligung von inländischem Brotgetreide aus Zolleinnahmen,1,1,1,1,1,1,1,1,1,1,1,1,1,1,1,1,1,1,1,1,1,1,1,1,1,1
403,25.09.1994,"Schweizerisches Strafgesetzbuch Militärstrafgesetz, Aenderung vom 18. Juni 1993",1,1,0,0,0,1,0,0,1,1,0,1,1,1,0,0,0,1,0,0,0,1,0,1,1,1
404,04.12.1994,Bundesgesetz über die Krankenversicherung (KVG),0,1,0,1,0,0,0,1,0,1,0,1,1,0,0,0,0,1,0,0,1,1,1,1,1,1
405,04.12.1994,Eidgenössische Volksinitiative 'für eine gesunde Krankenversicherung',0,0,0,0,0,0,0,0,0,0,0,0,0,0,0,0,0,0,0,0,0,0,0,0,0,0
406,04.12.1994,Bundesgesetz über Zwangsmassnahmen im Ausländerrecht,1,1,1,1,1,1,1,1,1,1,1,1,1,1,1,1,1,1,1,1,1,1,1,1,1,1
407,12.03.1995,Bundesbeschluss über die Volksinitiative 'für eine umweltgerechte und leistungsfähige bäuerliche Landwirtschaft' (Gegenentwurf),0,0,1,0,0,1,0,0,0,1,0,0,0,0,0,1,0,0,0,1,0,1,1,1,1,1
408,12.03.1995,"Milchwirtschaftsbeschluss 1988 (MWB 1988), Aenderung vom 18. März 1994",0,0,0,0,0,0,0,0,0,1,0,0,0,0,0,0,0,0,0,0,0,1,0,0,1,1
409,12.03.1995,"Landwirtschaftsgesetz, Aenderung vom 8. Oktober 1993",0,0,0,0,0,0,0,0,0,1,0,0,0,0,0,0,0,0,0,0,0,1,0,0,0,1
410,12.03.1995,Bundesbeschluss über eine Ausgabenbremse,1,1,1,1,1,1,1,1,1,1,1,1,1,1,1,1,1,1,1,1,1,1,1,1,1,1
411,25.06.1995,"Bundesgesetz über die Alters- und Hinterlassenenversicherung, Aenderung vom 7. Oktober 1994",1,1,1,1,1,1,1,1,1,0,1,1,1,1,1,1,1,1,1,1,0,1,0,0,1,0
412,25.06.1995,Eidgenössische Volksinitiative 'zum Ausbau von AHV und IV',0,0,0,0,0,0,0,0,0,0,0,0,0,0,0,0,0,0,0,0,0,0,0,0,0,0
413,25.06.1995,"Bundesgesetz über den Erwerb von Grundstücken durch Personen im Ausland, Aenderung vom 7. Oktober 1994",0,0,0,0,0,0,0,0,0,1,0,0,0,0,0,0,0,0,0,0,1,1,1,1,1,1
414,10.03.1996,Bundesbeschluss über die Revision des Sprachenartikels in der Bundesverfassung (Art. 116 BV),1,1,1,1,1,1,1,1,1,1,1,1,1,1,1,1,1,1,1,1,1,1,1,1,1,1
415,10.03.1996,Bundesbeschluss über den Uebertritt der bernischen Gemeinde Vellerat zum Kanton Jura,1,1,1,1,1,1,1,1,1,1,1,1,1,1,1,1,1,1,1,1,1,1,1,1,1,1
416,10.03.1996,Bundesbeschluss über die Aufhebung der kantonalen Zuständigkeit im Bereich der persönlichen Ausrüstung der Armeeangehörigen,1,0,0,0,0,0,0,0,0,0,0,1,1,0,0,0,0,0,0,0,0,0,0,0,1,0
417,10.03.1996,Bundesbeschluss über die Aufhebung der Pflicht zum Ankauf von Brennapparaten und zur Uebernahme von Branntwein,1,1,1,1,1,1,1,1,1,1,1,1,1,1,1,1,1,1,1,1,1,1,1,1,1,1
418,10.03.1996,Bundesbeschluss über die Aufhebung der Bundesbeiträge an Bahnhofparkplatzanlagen,1,1,1,0,0,1,1,1,1,0,1,1,1,0,1,1,1,1,1,0,1,0,0,0,1,0
419,09.06.1996,Gegenentwurf der Bundesversammlung vom 21. Dezember 1995 zur Volksinitiative 'Bauern und Konsumenten - für eine naturnahe Landwirtschaft',1,1,1,1,1,1,1,1,1,1,1,1,1,1,1,1,1,1,1,1,1,1,1,1,1,1
420,09.06.1996,Regierungs- und Verwaltungsorganisationsgesetz (RVOG) vom 6. Oktober 1995,0,0,0,0,0,0,0,0,0,0,0,0,0,0,0,0,0,0,0,0,0,1,0,1,1,0
421,01.12.1996,Bundesbeschluss über die Volksinitiative 'gegen die illegale Einwanderung',0,0,1,1,1,0,1,1,0,0,1,0,0,1,0,1,1,0,1,1,1,0,0,0,0,0
422,01.12.1996,"Bundesgesetz über die Arbeit in Industrie, Gewerbe und Handel (Arbeitsgesetz), Aenderung vom 22. März 1996",0,0,0,0,0,0,0,0,0,0,0,0,0,0,0,0,0,0,0,0,0,0,0,0,0,0
423,08.06.1997,Eidgenössische Volksinitiative 'EU-Beitrittsverhandlungen vors Volk!',0,0,0,0,0,0,0,0,0,0,0,0,0,0,0,0,0,0,0,0,0,0,0,0,0,0
424,08.06.1997,Eidgenössische Volksinitiative 'für ein Verbot der Kriegsmaterialausfuhr',0,0,0,0,0,0,0,0,0,0,0,0,0,0,0,0,0,0,0,0,0,0,0,0,0,0
425,08.06.1997,Bundesbeschluss über die Aufhebung des Pulverregals,1,1,1,1,1,1,1,1,1,1,1,1,1,1,1,1,1,1,1,1,1,1,1,1,1,1
426,28.09.1997,Bundesbeschluss vom 13. Dezember 1996 über die Finanzierung der Arbeitslosenversicherung,1,1,1,1,1,1,1,1,1,0,0,0,0,1,1,1,1,1,1,1,0,0,0,0,0,0
427,28.09.1997,Volksinitiative 'Jugend ohne Drogen',0,0,0,0,0,0,0,0,0,0,0,0,0,0,0,0,0,0,0,0,0,0,0,0,0,0
428,07.06.1998,Bundesbeschluss über Massnahmen zum Haushaltausgleich,1,1,1,1,1,1,1,1,1,1,1,1,1,1,1,1,1,1,1,1,1,1,1,1,1,1
429,07.06.1998,Volksinitiative 'zum Schutz von Leben und Umwelt vor Genmanipulation (Gen-Schutz-Initiative)',0,0,0,0,0,0,0,0,0,0,0,0,0,0,0,0,0,0,0,0,0,0,0,0,0,0
430,07.06.1998,Volksinitiative 'S.o.S. - Schweiz ohne Schnüffelpolizei',0,0,0,0,0,0,0,0,0,0,0,0,0,0,0,0,0,0,0,0,0,0,0,0,0,0
431,27.09.1998,"Bundesgesetz über eine leistungsabhängige Schwerverkehrsabgabe (Schwerverkehrsabgabegesetz, SVAG)",1,1,1,1,0,0,1,0,1,0,1,1,1,1,1,0,1,1,1,0,1,1,1,0,1,0
432,27.09.1998,Volksinitiative 'für preisgünstige Nahrungsmittel und ökologische Bauernhöfe',0,0,0,0,0,0,0,0,0,0,0,0,0,0,0,0,0,0,0,0,0,0,0,0,0,0
433,27.09.1998,Volksinitiative 'für die 10. AHV-Revision ohne Erhöhung des Rentenalters',0,0,0,0,0,0,0,0,0,1,0,0,0,0,0,0,0,0,0,0,1,0,0,1,1,1
434,29.11.1998,Bundesbeschluss über Bau und Finanzierung von Infrastrukturvorhaben des öffentlichen Verkehrs,1,1,1,1,1,0,1,1,1,1,1,1,1,1,0,0,1,1,1,0,1,1,1,1,1,1
435,29.11.1998,"Bundesbeschluss über einen befristet geltenden, neuen Getreideartikel",1,1,1,1,1,1,1,1,1,1,1,1,1,1,1,1,1,1,1,1,1,1,1,1,1,1
436,29.11.1998,Eidgenössische Volksinitiative 'für eine vernünftige Drogenpolitik',0,0,0,0,0,0,0,0,0,0,0,0,0,0,0,0,0,0,0,0,0,0,0,0,0,0
437,29.11.1998,"Bundesgesetz über die Arbeit in Industrie, Gewerbe und Handel (Arbeitsgesetz)",1,1,1,1,1,1,1,1,1,0,1,1,1,1,1,1,1,1,1,1,1,1,1,0,1,0
438,07.02.1999,Bundesbeschluss über die Aenderung der Voraussetzungen für die Wählbarkeit in den Bundesrat,1,1,1,1,1,1,1,1,1,1,1,1,1,1,1,1,1,1,1,1,1,1,0,1,1,0
439,07.02.1999,Bundesbeschluss betreffend die Verfassungsbestimmung über die Transplantationsmedizin,1,1,1,1,1,1,1,1,1,1,1,1,1,1,1,1,1,1,1,1,1,1,1,1,1,1
440,07.02.1999,Eidgenössische Volksinitiative 'Wohneigentum für alle',0,0,0,0,1,0,0,1,0,0,0,0,0,0,0,0,0,0,1,0,0,0,0,0,0,0
441,07.02.1999,"Bundesgesetz über die Raumplanung (RPG), Aenderung vom 20. März 1998",1,1,1,1,1,1,1,0,1,1,1,1,0,0,0,0,1,1,1,1,1,1,1,1,1,1
442,18.04.1999,Bundesbeschluss über eine neue Bundesverfassung,1,1,1,0,0,0,0,0,1,1,1,1,1,0,0,0,0,1,0,0,1,1,0,1,1,1
443,13.06.1999,Asylgesetz (AsylG),1,1,1,1,1,1,1,1,1,1,1,1,1,1,1,1,1,1,1,1,1,1,1,1,1,1
444,13.06.1999,Bundesbeschluss über dringliche Massnahmen im Asyl- und Ausländerbereich (BMA),1,1,1,1,1,1,1,1,1,1,1,1,1,1,1,1,1,1,1,1,1,1,1,1,1,1
445,13.06.1999,Bundesbeschluss über die ärztliche Verschreibung von Heroin,1,1,1,1,0,1,1,0,1,0,1,1,1,1,0,0,1,1,1,0,1,0,0,0,1,0
446,13.06.1999,Bundesgesetz über die Invalidenversicherung,0,0,0,0,0,0,0,0,0,0,0,0,0,0,0,0,0,0,0,0,0,0,0,0,0,0
447,13.06.1999,Bundesgesetz über die Mutterschaftsversicherung,0,0,0,0,0,0,0,0,0,1,0,0,0,0,0,0,0,0,0,0,1,1,0,1,1,1
448,12.03.2000,Bundesbeschluss über die Reform der Justiz,1,1,1,1,1,1,1,1,1,1,1,1,1,1,1,1,1,1,1,1,1,1,1,1,1,1
449,12.03.2000,Eidgenössische Volksinitiative 'für Beschleunigung der direkten Demokratie (Behandlungsfristen für Volksinitiativen in Form eines ausgearbeiteten Entwurfs)',0,0,0,0,0,0,0,0,0,0,0,0,0,0,0,0,0,0,0,0,0,0,0,0,0,0
450,12.03.2000,Eidgenössische Volksinitiative 'für eine gerechte Vertretung der Frauen in den Bundesbehörden (Initiative 3. März)',0,0,0,0,0,0,0,0,0,0,0,0,0,0,0,0,0,0,0,0,0,0,0,0,0,0
451,12.03.2000,Eidgenössische Volksinitiative 'zum Schutze des Menschen vor Manipulationen in der Fortpflanzungstechnologie (Initiative für menschenwürdige Fortpflanzung [FMF])',0,0,0,0,0,0,0,0,0,0,0,0,0,0,0,0,0,0,0,0,0,0,0,0,0,0
452,12.03.2000,Eidgenössische Volksinitiative 'für die Halbierung des motorisierten Strassenverkehrs zur Erhaltung und Verbesserung von Lebensräumen (Verkehrshalbierungs-Initiative)',0,0,0,0,0,0,0,0,0,0,0,0,0,0,0,0,0,0,0,0,0,0,0,0,0,0
453,21.05.2000,Bundesbeschluss über die Genehmigung der sektoriellen Abkommen zwischen der Schweizerischen Eidgenossenschaft einerseits und der Europäischen Gemeinschaft sowie gegebenenfalls ihren Mitgliedstaaten oder der Europäischen Atomgemeinschaft andererseits,1,1,1,1,0,1,1,1,1,1,1,1,1,1,1,1,1,1,1,1,0,1,1,1,1,1
454,24.09.2000,Volksinitiative 'für einen Solarrappen (Solar-Initiative)',0,0,0,0,0,0,0,0,0,0,0,0,0,0,0,0,0,0,0,0,0,0,0,0,0,0
455,24.09.2000,Verfassungsartikel über eine Energielenkungsabgabe für die Umwelt (Gegenentwurf zur zurückgezogenen 'Energie-Umwelt-Initiative'),1,0,0,0,0,0,0,0,0,0,0,1,0,0,0,0,0,1,0,0,0,0,0,0,0,0
456,24.09.2000,Volksinitiative 'für eine Regelung der Zuwanderung',0,0,0,0,0,0,0,0,0,0,0,0,0,0,0,0,0,0,0,0,0,0,0,0,0,0
457,24.09.2000,Volksinitiative 'Mehr Rechte für das Volk dank dem Referendum mit Gegenvorschlag (Konstruktives Referendum)',0,0,0,0,0,0,0,0,0,0,0,0,0,0,0,0,0,0,0,0,0,0,0,0,0,0
458,26.11.2000,Volksinitiative 'für eine Flexibilisierung der AHV - gegen die Erhöhung des Rentenalters für Frauen',0,0,0,0,0,0,0,0,0,1,0,0,0,0,0,0,0,0,0,0,1,1,0,1,1,1
459,26.11.2000,Volksinitiative 'für ein flexibles Rentenalter ab 62 für Frau und Mann',0,0,0,0,0,0,0,0,0,1,0,0,0,0,0,0,0,0,0,0,1,1,1,1,1,1
460,26.11.2000,Volksinitiative 'Sparen beim Militär und der Gesamtverteidigung - für mehr Frieden und zukunftsgerichtete Arbeitsplätze (Umverteilungsinitiative)',0,0,0,0,0,0,0,0,0,0,0,0,0,0,0,0,0,0,0,0,0,1,0,1,1,1
461,26.11.2000,Volksinitiative 'für tiefere Spitalkosten',0,0,0,0,0,0,0,0,0,0,0,0,0,0,0,0,0,0,0,0,0,0,0,0,0,0
462,26.11.2000,Bundespersonalgesetz (BPG),1,1,1,1,1,1,1,1,1,1,1,1,1,1,1,1,1,1,1,1,0,1,1,1,1,0
463,04.03.2001,Eidgenössische Volksinitiative 'Ja zu Europa',0,0,0,0,0,0,0,0,0,0,0,0,0,0,0,0,0,0,0,0,0,0,0,0,0,0
464,04.03.2001,Eidgenössische Volksinitiative 'für tiefere Arzneimittelpreise',0,0,0,0,0,0,0,0,0,0,0,0,0,0,0,0,0,0,0,0,0,0,0,0,0,0
465,04.03.2001,Eidgenössische Volksinitiative 'für mehr Verkehrssicherheit durch Tempo 30 innerorts mit Ausnahmen (Strassen für alle)',0,0,0,0,0,0,0,0,0,0,0,0,0,0,0,0,0,0,0,0,0,0,0,0,0,0
466,10.06.2001,"Aenderung vom 06.10.2000 des Bundesgesetzes über die Armee und die Militärverwaltung (Militärgesetz, MG) (Bewaffnung)",1,1,1,0,0,0,0,0,1,1,1,1,1,0,0,0,0,0,1,0,0,1,0,1,0,0
467,10.06.2001,"Aenderung vom 06.10.2000 des Bundesgesetzes über die Armee und die Militärverwaltung (Militärgesetz, MG) (Ausbildungszusammenarbeit)",1,1,1,0,0,0,0,0,1,1,1,1,1,0,0,0,0,0,1,0,0,1,0,1,0,0
468,10.06.2001,Bundesbeschluss vom 15. Dezember 2000 über die Aufhebung der Genehmigungspflicht für die Errichtung von Bistümern,1,1,1,1,1,1,1,1,1,1,1,1,1,1,1,1,1,1,1,1,1,1,1,1,1,1
469,02.12.2001,Bundesbeschluss über eine Schuldenbremse,1,1,1,1,1,1,1,1,1,1,1,1,1,1,1,1,1,1,1,1,1,1,1,1,1,1
470,02.12.2001,Volksinitiative 'für eine gesicherte AHV - Energie statt Arbeit besteuern!',0,0,0,0,0,0,0,0,0,0,0,0,0,0,0,0,0,0,0,0,0,0,0,0,0,0
471,02.12.2001,Volksinitiative 'für eine glaubwürdige Sicherheitspolitik und eine Schweiz ohne Armee',0,0,0,0,0,0,0,0,0,0,0,0,0,0,0,0,0,0,0,0,0,0,0,0,0,0
472,02.12.2001,Volksinitiative 'Solidarität schafft Sicherheit: Für einen freiwilligen Zivilen Friedensdienst (ZFD)',0,0,0,0,0,0,0,0,0,0,0,0,0,0,0,0,0,0,0,0,0,0,0,0,0,0
473,02.12.2001,Volksinitiative 'für eine Kapitalgewinnsteuer',0,0,0,0,0,0,0,0,0,0,0,0,0,0,0,0,0,0,0,0,0,0,0,0,0,0
474,03.03.2002,Eidgenössische Volksinitiative 'für den Beitritt der Schweiz zur Organisation der Vereinten Nationen (UNO)',1,1,1,0,0,0,0,0,1,1,1,1,1,0,0,0,0,0,0,0,0,1,1,1,1,1
475,03.03.2002,Eidgenössische Volksinitiative 'für eine kürzere Arbeitszeit',0,0,0,0,0,0,0,0,0,0,0,0,0,0,0,0,0,0,0,0,0,0,0,0,0,0
476,02.06.2002,Aenderung des Schweizerischen Strafgesetzbuches (Schwangerschaftsabbruch),1,1,1,1,1,1,1,1,1,1,1,1,1,1,1,0,1,1,1,1,1,1,0,1,1,1
477,02.06.2002,Volksinitiative 'für Mutter und Kind - für den Schutz des ungeborenen Kindes und für die Hilfe an seine Mutter in Not',0,0,0,0,0,0,0,0,0,0,0,0,0,0,0,0,0,0,0,0,0,0,0,0,0,0
478,22.09.2002,Volksinitiative 'Ueberschüssige Goldreserven in den AHV-Fonds (Goldinitiative)',0,0,0,0,1,0,0,1,0,0,0,0,0,0,0,0,1,0,1,1,1,0,0,0,0,0
479,22.09.2002,Elektrizitätsmarktgesetz (EMG),0,1,1,1,1,1,1,0,1,0,0,1,1,0,0,0,0,1,1,0,0,0,0,0,0,0
480,24.11.2002,Volksinitiative 'gegen Asylrechtsmissbrauch',1,0,0,1,1,1,1,1,0,0,1,0,1,1,1,1,1,1,1,1,0,0,0,0,0,0
481,24.11.2002,"Aenderung des Bundesgesetzes über die obligatorische Arbeitslosenversicherung und die Insolvenzentschädigung (Arbeitslosenversicherungsgesetz, AVIG)",1,1,1,1,1,1,1,1,1,1,1,1,1,1,1,1,1,1,1,1,1,1,0,0,0,0
482,09.02.2003,Bundesbeschluss über die Aenderung der Volksrechte,1,1,1,1,1,1,1,1,1,1,1,1,1,1,1,1,1,1,1,1,1,1,1,1,1,1
483,09.02.2003,Bundesgesetz über die Anpassung der kantonalen Beiträge für die innerkantonalen stationären Behandlungen nach dem Bundesgesetz über die Krankenversicherung,1,1,1,1,1,1,1,1,1,1,1,1,1,1,1,1,1,1,1,1,1,1,1,1,1,1
484,18.05.2003,"Bundesgesetz über die Armee und die Militärverwaltung (Militärgesetz, MG), Aenderung",1,1,1,1,1,1,1,1,1,1,1,1,1,1,1,1,1,1,1,1,1,1,1,1,1,1
485,18.05.2003,"Bundesgesetz über den Bevölkerungsschutz und den Zivilschutz (Bevölkerungs- und Zivilschutzgesetz, BZG)",1,1,1,1,1,1,1,1,1,1,1,1,1,1,1,1,1,1,1,1,1,1,1,1,1,1
486,18.05.2003,Volksinitiative 'Ja zu fairen Mieten',0,0,0,0,0,0,0,0,0,0,0,0,0,0,0,0,0,0,0,0,0,0,0,0,1,0
487,18.05.2003,Volksinitiative 'für einen autofreien Sonntag pro Jahreszeit - ein Versuch für vier Jahre (Sonntags-Initiative)',0,0,0,0,0,0,0,0,0,0,0,0,0,0,0,0,0,0,0,0,0,0,0,0,0,0
488,18.05.2003,Volksinitiative 'Gesundheit muss bezahlbar bleiben (Gesundheitsinitiative)',0,0,0,0,0,0,0,0,0,0,0,0,0,0,0,0,0,0,0,0,0,0,0,0,0,0
489,18.05.2003,Volksinitiative 'Gleiche Rechte für Behinderte',0,0,0,0,0,0,0,0,0,0,0,0,0,0,0,0,0,0,0,0,1,0,0,0,1,1
490,18.05.2003,Volksinitiative 'Strom ohne Atom - Für eine Energiewende und schrittweise Stilllegung der Atomkraftwerke (Strom ohne Atom)',0,0,0,0,0,0,0,0,0,0,0,1,0,0,0,0,0,0,0,0,0,0,0,0,0,0
491,18.05.2003,Volksinitiative 'Moratorium Plus - Für die Verlängerung des Atomkraftwerk-Baustopps und die Begrenzung des Atomrisikos (MoratoriumPlus)',0,0,0,0,0,0,0,0,0,0,0,1,1,0,0,0,0,0,0,0,0,0,0,0,0,0
492,18.05.2003,Volksinitiative 'für ein ausreichendes Berufsbildungsangebot (Lehrstellen-Initiative)',0,0,0,0,0,0,0,0,0,0,0,0,0,0,0,0,0,0,0,0,0,0,0,0,0,0
493,08.02.2004,"Gegenentwurf der Bundesversammlung vom 03.10.2003 zur Volksinitiative ""Avanti - für sichere und leistungsfähige Autobahnen""",0,0,0,0,0,0,0,0,0,0,0,0,0,0,0,0,0,0,0,0,0,0,0,0,0,0
494,08.02.2004,Ãnderung vom 13.12.2002 des Obligationenrechts (Miete),0,0,0,0,0,0,0,0,0,0,0,0,0,0,0,0,0,0,0,0,0,0,0,0,0,0
495,08.02.2004,"Volksinitiative vom 03.05.2000 ""Lebenslange Verwahrung für nicht therapierbare, extrem gefährliche Sexual- und Gewaltstraftäter""",1,1,1,1,1,1,1,1,1,1,1,0,1,1,1,1,1,1,1,1,1,0,1,1,1,1
496,16.05.2004,Aenderung vom 03.10.2003 des Bundesgesetzes über die Alters- und Hinterlassenenversicherung (AHVG) (11. AHV-Revision),0,0,0,0,0,0,0,0,0,0,0,0,0,0,0,0,0,0,0,0,0,0,0,0,0,0
497,16.05.2004,Bundesbeschluss vom 03.10.2003 über die Finanzierung der AHV/IV durch Anhebung der Mehrwertsteuersätze,0,0,0,0,0,0,0,0,0,0,0,0,0,0,0,0,0,0,0,0,0,0,0,0,0,0
498,16.05.2004,"Bundesgesetz vom 20.06.2003 über die Ãnderung von Erlassen im Bereich der Ehe- und Familienbesteuerung, der Wohneigentumsbesteuerung und der Stempelabgaben",0,0,0,0,0,0,0,0,0,0,0,0,0,0,0,0,0,0,0,0,0,0,0,0,0,0
499,26.09.2004,Bundesbeschluss vom 03.10.2003 über die ordentliche Einbürgerung sowie über die erleichterte Einbürgerung junger Ausländerinnen und Ausländer der zweiten Generation,0,0,0,0,0,0,0,0,0,1,0,1,0,0,0,0,0,0,0,0,0,1,0,1,1,1
500,26.09.2004,Bundesbeschluss vom 03.10.2003 über den Bürgerrechtserwerb von Ausländerinnen und Ausländern der dritten Generation,0,1,0,0,0,0,0,0,0,1,0,1,0,0,0,0,0,0,0,0,0,1,0,1,1,1
501,26.09.2004,Volksinitiative vom 26.04.2002 'Postdienste für alle',0,0,0,1,0,0,0,0,0,1,0,1,0,0,0,0,0,1,0,0,1,1,1,1,1,1
502,26.09.2004,"Ãnderung vom 03.10.2003 des Bundesgesetzes über die Erwerbsersatzordnung für Dienstleistende in Armee, Zivildienst und Zivilschutz (Erwerbsersatzgesetz, EOG)",1,1,0,0,0,0,0,0,0,1,0,1,1,0,0,0,0,0,0,0,1,1,1,1,1,1
503,28.11.2004,Bundesbeschluss vom 03.10.2003 zur Neugestaltung des Finanzausgleichs und der Aufgabenteilung zwischen Bund und Kantonen (NFA),1,1,1,1,0,1,0,1,0,1,1,1,1,1,1,1,1,1,1,1,1,1,1,1,1,1
504,28.11.2004,Bundesbeschluss vom 19.03.2004 über eine neue Finanzordnung,1,1,1,1,1,1,1,1,0,1,1,1,1,1,1,1,1,1,1,1,1,1,1,1,1,1
505,28.11.2004,"Bundesgesetz vom 19.12.2003 über die Forschung an embryonalen Stammzellen (Stammzellenforschungsgesetz, StFG)",1,1,1,1,1,1,1,1,1,1,1,1,1,1,1,1,1,1,1,1,1,1,1,1,1,1
506,05.06.2005,Bundesbeschluss vom 17.12.2004 über die Genehmigung und die Umsetzung der bilateralen Abkommen zwischen der Schweiz und der EU über die Assoziierung an Schengen und an Dublin,1,1,0,0,0,0,0,0,1,1,1,1,1,0,0,0,0,0,0,0,0,1,1,1,1,1
507,05.06.2005,"Bundesgesetz vom 18.06.2004 über die eingetragene Partnerschaft gleichgeschlechtlicher Paare (Partnerschaftsgesetz, PartG)",1,1,1,0,0,1,1,1,1,1,1,1,1,1,1,0,1,1,1,0,0,1,0,1,1,0
508,25.09.2005,Bundesbeschluss über die Genehmigung und Umsetzung des Protokolls über die Ausdehnung des Freizügigkeitsabkommens auf die neuen EG-Mitgliedstaaten zwischen der Schweizerischen Eidgenossenschaft einerseits und der Europäischen Gemeinschaft und ihren Mitgliedstaaten andererseits sowie über die Genehmigung der Revision der flankierenden Massnahmen zur Personenfreizügigkeit,1,1,1,0,0,0,0,0,1,1,1,1,1,1,1,0,1,1,1,1,0,1,1,1,1,1
509,27.11.2005,Bundesbeschluss über die Volksinitiative 'für Lebensmittel aus gentechnikfreier Landwirtschaft',1,1,1,1,1,1,1,1,1,1,1,1,1,1,1,1,1,1,1,1,1,1,1,1,1,1
510,27.11.2005,"Bundesgesetz über die Arbeit in Industrie, Gewerbe und Handel (Arbeitsgesetz)",1,1,0,0,0,0,0,0,1,0,0,1,1,0,0,0,0,0,1,0,0,0,0,0,1,0
511,21.05.2006,Bundesbeschluss vom 16.12.2005 über die Neuordnung der Verfassungsbestimmungen zur Bildung,1,1,1,1,1,1,1,1,1,1,1,1,1,1,1,1,1,1,1,1,1,1,1,1,1,1
512,24.09.2006,Volksinitiative vom 09.10.2002 'Nationalbankgewinne für die AHV',0,0,0,0,0,0,0,0,0,0,0,1,0,0,0,0,0,0,0,0,1,0,0,0,1,0
513,24.09.2006,Bundesgesetz vom 16.12.2005 über die Ausländerinnen und Ausländer (AuG),1,1,1,1,1,1,1,1,1,1,1,1,1,1,1,1,1,1,1,1,1,1,1,1,1,1
514,24.09.2006,Aenderung vom 16.12.2005 des Asylgesetzes (AsylG),1,1,1,1,1,1,1,1,1,1,1,1,1,1,1,1,1,1,1,1,1,1,1,1,1,1
515,26.11.2006,Bundesgesetz vom 24.03.2006 über die Zusammenarbeit mit den Staaten Osteuropas,1,1,1,0,0,0,0,0,1,1,1,1,1,0,0,0,0,1,1,0,0,1,1,1,1,1
516,26.11.2006,"Bundesgesetz vom 24.03.2006 über die Familienzulagen (Familienzulagengesetz, FamZG)",1,1,1,1,1,1,1,1,1,1,1,1,1,1,1,0,1,1,1,1,1,1,1,1,1,1
517,11.03.2007,Volksinitiative vom 09.12.2004 'Für eine soziale Einheitskrankenkasse',0,0,0,0,0,0,0,0,0,0,0,0,0,0,0,0,0,0,0,0,0,0,0,1,0,1
518,17.06.2007,Ãnderung vom 6.10.2006 des Bundesgesetzes über die Invalidenversicherung (IVG),1,1,1,1,1,1,1,1,1,0,1,1,1,1,1,1,1,1,1,1,1,1,1,0,0,0
519,24.02.2008,Volksinitiative vom 03.11.2005 'Gegen Kampfjetlärm in Tourismusgebieten',0,0,0,0,0,0,0,0,0,0,0,0,0,0,0,0,0,0,0,0,0,0,0,0,0,0
520,24.02.2008,Bundesgesetz vom 23.03.2007 über die Verbesserung der steuerlichen Rahmenbedingungen für unternehmerische Tätigkeiten und Investitionen (Unternehmenssteuerreformgesetz II),1,0,1,1,1,1,1,1,1,0,0,0,0,1,1,1,1,1,1,1,1,0,1,0,1,0
521,01.06.2008,Volksinitiative vom 18.11.2005 'für demokratische Einbürgerungen',0,0,0,0,1,0,0,0,0,0,0,0,0,0,0,0,0,0,0,0,0,0,0,0,0,0
522,01.06.2008,Volksinitiative vom 11.08.2004 'Volkssouveränität statt Behördenpropaganda',0,0,0,0,0,0,0,0,0,0,0,0,0,0,0,0,0,0,0,0,0,0,0,0,0,0
523,01.06.2008,Verfassungsartikel vom 21.12.2007 'Für Qualität und Wirtschaftlichkeit in der Krankenversicherung',0,0,0,0,0,0,0,0,0,0,0,0,0,0,0,0,0,0,0,0,0,0,0,0,0,0
524,30.11.2008,Volksinitiative vom 01.03.2006 'für die Unverjährbarkeit pornografischer Straftaten an Kindern',1,0,1,1,1,1,0,1,1,1,1,1,1,1,1,0,1,1,1,1,1,0,1,0,0,1
525,30.11.2008,Volksinitiative vom 28.03.2006 'Für ein flexibles AHV-Alter',0,0,0,0,0,0,0,0,0,0,0,0,0,0,0,0,0,0,0,0,1,0,0,1,1,1
526,30.11.2008,Volksinitiative vom 11.05.2006 'Verbandsbeschwerderecht: Schluss mit der Verhinderungspolitik â Mehr Wachstum für die Schweiz!',0,0,0,0,0,0,0,0,0,0,0,0,0,0,0,0,0,0,0,0,0,0,0,0,0,0
527,30.11.2008,Volksinitiative vom 13.01.2006 'für eine vernünftige Hanf-Politik mit wirksamem Jugendschutz',0,0,0,0,0,0,0,0,0,0,0,0,0,0,0,0,0,0,0,0,0,0,0,0,0,0
528,30.11.2008,"Ãnderung vom 20.03.2008 des Bundesgesetzes über die Betäubungsmittel und die psychotropen Stoffe (Betäubungsmittelgesetz, BetmG)",1,1,1,1,1,1,1,1,1,1,1,1,1,1,1,1,1,1,1,1,1,1,1,1,1,1
529,08.02.2009,Bundesbeschluss vom 13.06.2008 über die Genehmigung der Weiterführung des Freizügigkeitsabkommens zwischen der Schweiz und der Europäischen Gemeinschaft und ihren Mitgliedstaaten sowie über die Genehmigung und die Umsetzung des Protokolls über die Ausdehnung des Freizügigkeitsabkommens auf Bulgarien und Rumänien,1,1,1,1,0,1,1,0,1,1,1,1,1,1,1,0,1,1,1,1,0,1,1,1,1,1
530,17.05.2009,Verfassungsartikel vom 03.10.2008 'Zukunft mit Komplementärmedizin',1,1,1,1,1,1,1,1,1,1,1,1,1,1,1,1,1,1,1,1,1,1,1,1,1,1
531,17.05.2009,Bundesbeschluss vom 13.06.2008 über die Genehmigung und die Umsetzung des Notenaustauschs zwischen der Schweiz und der Europäischen Gemeinschaft betreffend die Ãbernahme der Verordnung (EG) Nr. 2252/2004 über biometrische Pässe und Reisedokumente (Weiterentwicklung des Schengen-Besitzstands),1,0,1,0,0,1,1,0,1,1,1,0,0,0,0,0,1,1,0,0,0,0,1,0,0,0
532,27.09.2009,"Bundesbeschluss vom 13.06.2008 über eine befristete Zusatzfinanzierung der Invalidenversicherung durch Anhebung der Mehrwertsteuersätze, geändert durch den Bundesbeschluss vom 12.06.2009 über die Ãnderung dieses Beschlusses",1,1,1,0,0,0,0,0,0,1,0,1,1,0,0,0,0,1,0,0,1,1,1,1,1,1
533,27.09.2009,Bundesbeschluss vom 19.12.2008 über den Verzicht auf die Einführung der allgemeinen Volksinitiative,1,1,1,1,1,1,1,1,1,1,1,1,1,1,1,1,1,1,1,1,1,1,1,1,1,1
534,29.11.2009,Bundesbeschluss vom 03.10.2008 zur Schaffung einer Spezialfinanzierung für Aufgaben im Luftverkehr,1,1,1,1,1,1,1,1,1,1,1,1,1,1,1,1,1,1,1,1,1,1,1,1,1,1
535,29.11.2009,Volksinitiative vom 21.09.2007 'Für ein Verbot von Kriegsmaterial-Exporten',0,0,0,0,0,0,0,0,0,0,0,0,0,0,0,0,0,0,0,0,0,0,0,0,0,0
536,29.11.2009,Volksinitiative vom 08.07.2008 'Gegen den Bau von Minaretten',1,1,1,1,1,1,1,1,1,1,1,0,1,1,1,1,1,1,1,1,1,0,1,0,0,1
537,07.03.2010,Bundesbeschluss vom 25.09.2009 zu einem Verfassungsartikel über die Forschung am Menschen,1,1,1,1,1,1,1,1,1,1,1,1,1,1,1,1,1,1,1,1,1,1,1,1,1,1
538,07.03.2010,Volksinitiative vom 26.07.2007 'Gegen Tierquälerei und für einen besseren Rechtsschutz der Tiere (Tierschutzanwalt-Initiative)',0,0,0,0,0,0,0,0,0,0,0,0,0,0,0,0,0,0,0,0,0,0,0,0,0,0
539,07.03.2010,"Ãnderung vom 19.12.2008 des Bundesgesetzes über die berufliche Alters-, Hinterlassenen- und Invalidenvorsorge (BVG) (Mindestumwandlungssatz)",0,0,0,0,0,0,0,0,0,0,0,0,0,0,0,0,0,0,0,0,0,0,0,0,0,0
540,26.09.2010,"Ãnderung vom 19.03.2010 des Bundesgesetzes über die obligatorische Arbeitslosenversicherung und die Insolvenzentschädigung (Arbeitslosenversicherungsgesetz, AVIG)",1,1,1,1,1,1,1,1,1,0,1,0,1,1,1,1,1,1,1,1,0,0,0,0,0,0
541,28.11.2010,Volksinitiative vom 15.02.2008 'Für die Ausschaffung krimineller Ausländer (Ausschaffungsinitiative)',1,1,1,1,1,1,1,1,1,0,1,0,1,1,1,1,1,1,1,1,1,0,1,0,0,0
542,28.11.2010,Volksinitiative vom 06.05.2008 'Für faire Steuern. Stopp dem Missbrauch beim Steuerwettbewerb (Steuergerechtigkeits-Initiative)',0,0,0,0,0,0,0,0,0,0,0,1,0,0,0,0,0,0,0,0,0,0,0,1,1,1
543,13.02.2011,Volksinitiative vom 23.02.2009 'Für den Schutz vor Waffengewalt',1,0,0,0,0,0,0,0,0,0,0,1,0,0,0,0,0,0,0,0,0,1,0,1,1,1
544,11.03.2012,Volksinitiative vom 18.12.2007 'Schluss mit uferlosem Bau von Zweitwohnungen!',1,1,0,0,0,0,0,0,0,1,1,1,1,1,1,0,1,0,1,1,0,1,0,1,1,1
545,11.03.2012,Volksinitiative vom 29.09.2008 'für ein steuerlich begünstigtes Bausparen zum Erwerb von selbst genutztem Wohneigentum und zur Finanzierung von baulichen Energiespar- und Umweltschutzmassnahmen (Bauspar-Initiative)',0,0,0,0,0,0,0,0,0,0,0,0,1,0,0,0,0,0,0,0,1,1,1,0,1,0
546,11.03.2012,Volksinitiative vom 26.06.2009 '6 Wochen Ferien für alle',0,0,0,0,0,0,0,0,0,0,0,0,0,0,0,0,0,0,0,0,0,0,0,0,0,0
547,11.03.2012,Bundesbeschluss vom 29.09.2011 über die Regelung der Geldspiele zugunsten gemeinnütziger Zwecke (Gegenentwurf zur Volksinitiative 'Für Geldspiele im Dienste des Gemeinwohls'),1,1,1,1,1,1,1,1,1,1,1,1,1,1,1,1,1,1,1,1,1,1,1,1,1,1
548,11.03.2012,Bundesgesetz 18.03.2011 über die Buchpreisbindung (BuPG),0,0,0,0,0,0,0,0,0,1,0,0,0,0,0,0,0,0,0,0,0,1,1,1,1,1
549,17.06.2012,Volksinitiative vom 23.01.2009 'Eigene vier Wände dank Bausparen',0,0,0,0,0,0,0,0,0,0,0,0,0,0,0,0,0,0,0,0,0,0,0,0,0,0
550,17.06.2012,Volksinitiative vom 11.08.2009 'Für die Stärkung der Volksrechte in der Aussenpolitik (Staatsverträge vors Volk!)',0,0,0,0,0,0,0,0,0,0,0,0,0,0,0,0,0,0,0,0,0,0,0,0,0,0
551,17.06.2012,Ãnderung vom 30.09.2011 des Bundesgesetzes über die Krankenversicherung (KVG) (Managed Care),0,0,0,0,0,0,0,0,0,0,0,0,0,0,0,0,0,0,0,0,0,0,0,0,0,0
552,23.09.2012,Bundesbeschluss über die Jugendmusikförderung (Gegenentwurf zur Volksinitiative 'jugend + musik'),1,1,1,1,1,1,1,1,1,1,1,1,1,1,1,1,1,1,1,1,1,1,1,1,1,1
553,23.09.2012,Volksinitiative vom 23.01.2009 'Sicheres Wohnen im Alter',0,0,0,0,1,0,0,1,0,0,1,0,0,1,1,0,1,0,1,1,1,0,0,0,1,0
554,23.09.2012,Volksinitiative vom 18.05.2010 'Schutz vor Passivrauchen',0,0,0,0,0,0,0,0,0,0,0,0,0,0,0,0,0,0,0,0,0,0,0,0,1,0
555,25.11.2012,Ãnderung vom 16.03.2012 des Tierseuchengesetzes (TSG),1,1,1,0,1,1,1,1,1,1,1,1,1,1,1,0,1,1,1,1,1,1,1,1,1,1
556,03.03.2013,Bundesbeschluss vom 15.06.2012 über die Familienpolitik,1,0,0,0,0,0,0,0,0,1,1,1,1,0,0,0,0,0,0,0,1,1,1,1,1,1
557,03.03.2013,Volksinitiative vom 26.02.2008 'gegen die Abzockerei',1,1,1,1,1,1,1,1,1,1,1,1,1,1,1,1,1,1,1,1,1,1,1,1,1,1
558,03.03.2013,"Ãnderung vom 15.06.2012 des Bundesgesetzes über die Raumplanung (Raumplanungsgesetz, RPG)",1,1,1,1,1,1,1,1,1,1,1,1,1,1,1,1,1,1,1,1,1,1,0,1,1,1
559,09.06.2013,Volksinitiative vom 07.07.2011 'Volkswahl des Bundesrates',0,0,0,0,0,0,0,0,0,0,0,0,0,0,0,0,0,0,0,0,0,0,0,0,0,0
560,09.06.2013,Ãnderung vom 28.09.2012 des Asylgesetzes (AsylG) (Dringliche Ãnderungen des Asylgesetzes),1,1,1,1,1,1,1,1,1,1,1,1,1,1,1,1,1,1,1,1,1,1,1,1,1,1
561,22.09.2013,Volksinitiative vom 05.01.2012 'Ja zur Aufhebung der Wehrpflicht',0,0,0,0,0,0,0,0,0,0,0,0,0,0,0,0,0,0,0,0,0,0,0,0,0,0
562,22.09.2013,"Bundesgesetz vom 28.09.2012 über die Bekämpfung übertragbarer Krankheiten des Menschen (Epidemiengesetz, EpG)",1,1,1,0,0,1,1,1,1,1,1,1,1,1,0,0,1,1,1,1,1,1,1,1,1,1
563,22.09.2013,"Ãnderung vom 14.12.2012 des Bundesgesetzes über die Arbeit in Industrie, Gewerbe und Handel (Arbeitsgesetz, ArG)",1,1,1,0,1,1,1,1,1,0,1,1,1,1,1,1,1,1,1,1,1,1,0,0,1,0
564,24.11.2013,Volksinitiative vom 21.03.2011 '1:12 - Für gerechte Löhne',0,0,0,0,0,0,0,0,0,0,0,0,0,0,0,0,0,0,0,0,0,0,0,0,0,0
565,24.11.2013,"Volksinitiative vom 12.07.2011 'Familieninitiative: Steuerabzüge auch für Eltern, die ihre Kinder selber betreuen'",0,0,0,1,1,0,0,0,0,0,0,0,0,0,0,1,0,0,0,0,0,0,0,0,0,0
566,24.11.2013,"Ãnderung vom 22.03.2013 des Bundesgesetzes über die Abgabe für die Benützung von Nationalstrassen (Nationalstrassenabgabegesetz, NSAG)",0,0,0,0,0,0,0,0,0,0,0,0,0,0,0,0,0,0,0,0,0,0,0,0,0,0
567,09.02.2014,Bundesbeschluss vom 20.06.2013 über die Finanzierung und den Ausbau der Eisenbahninfrastruktur (direkter Gegenentwurf zur Volksinitiative 'Für den öffentlichen Verkehr'),1,1,1,1,0,1,1,1,1,1,1,1,1,1,1,1,1,1,1,1,1,1,1,1,1,1
568,09.02.2014,Volksinitiative vom 04.07.2011 'Abtreibungsfinanzierung ist Privatsache â Entlastung der Krankenversicherung durch Streichung der Kosten des Schwangerschaftsabbruchs aus der obligatorischen Grundversicherung',0,0,0,0,0,0,0,0,0,0,0,0,0,0,0,1,0,0,0,0,0,0,0,0,0,0
569,09.02.2014,Volksinitiative vom 14.02.2012 'Gegen Masseneinwanderung',0,1,1,1,1,1,1,1,0,0,1,0,1,1,1,1,1,1,1,1,1,0,0,0,0,0
570,18.05.2014,Bundesbeschluss vom 19.09.2013 über die medizinische Grundversorgung (Direkter Gegenentwurf zur Volksinitiative 'Ja zur Hausarztmedizin'),1,1,1,1,1,1,1,1,1,1,1,1,1,1,1,1,1,1,1,1,1,1,1,1,1,1
571,18.05.2014,Volksinitiative vom 20.04.2011 'Pädophile sollen nicht mehr mit Kindern arbeiten dürfen',1,1,1,1,1,1,1,1,1,1,1,1,1,1,1,1,1,1,1,1,1,1,1,1,1,1
572,18.05.2014,Volksinitiative vom 23.01.2012 'Für den Schutz fairer Löhne (Mindestlohn-Initiative)',0,0,0,0,0,0,0,0,0,0,0,0,0,0,0,0,0,0,0,0,0,0,0,0,0,0
573,18.05.2014,Bundesgesetz vom 27.09.2013 über den Fonds zur Beschaffung des Kampfflugzeugs Gripen (Gripen-Fonds-Gesetz),0,0,1,1,1,1,1,1,1,0,1,0,0,0,1,1,1,1,1,1,0,0,0,0,0,0
574,28.09.2014,Volksinitiative vom 21.09.2011 'Schluss mit der MwSt-Diskriminierung des Gastgewerbes!',0,0,0,0,0,0,0,0,0,0,0,0,0,0,0,0,0,0,0,0,0,0,0,0,0,0
575,28.09.2014,Volksinitiative vom 23.05.2012 'Für eine öffentliche Krankenkasse',0,0,0,0,0,0,0,0,0,0,0,0,0,0,0,0,0,0,0,0,0,1,0,1,1,1
576,30.11.2014,Volksinitiative vom 19.10.2012 'Schluss mit den Steuerprivilegien für Millionäre (Abschaffung der Pauschalbesteuerung)',0,0,0,0,0,0,0,0,0,0,0,0,0,1,0,0,0,0,0,0,0,0,0,0,0,0
577,30.11.2014,Volksinitiative vom 02.11.2012 'Stopp der Ãberbevölkerung â zur Sicherung der natürlichen Lebensgrundlagen',0,0,0,0,0,0,0,0,0,0,0,0,0,0,0,0,0,0,0,0,0,0,0,0,0,0
578,30.11.2014,Volksinitiative vom 20.03.2013 'Rettet unser Schweizer Gold (Gold-Initiative)',0,0,0,0,0,0,0,0,0,0,0,0,0,0,0,0,0,0,0,0,0,0,0,0,0,0
579,08.03.2015,Volksinitiative vom 05.11.2012 'Familien stärken! Steuerfreie Kinder- und Ausbildungszulagen',0,0,0,0,0,0,0,0,0,0,0,0,0,0,0,0,0,0,0,0,0,0,0,0,0,0
580,08.03.2015,Volksinitiative vom 17.12.2012 'Energie- statt Mehrwertsteuer' ,0,0,0,0,0,0,0,0,0,0,0,0,0,0,0,0,0,0,0,0,0,0,0,0,0,0
581,14.06.2015,Bundesbeschluss vom 12.12.2014 über die Ãnderung der Verfassungsbestimmung zur Fortpflanzungsmedizin und Gentechnologie im Humanbereich,1,1,1,0,0,0,1,1,1,1,1,1,1,0,0,0,1,1,1,1,1,1,1,1,1,1
582,14.06.2015,Volksinitiative vom 20.01.2012 'Stipendieninitiative',0,0,0,0,0,0,0,0,0,0,0,0,0,0,0,0,0,0,0,0,0,0,0,0,0,0
583,14.06.2015,Volksinitiative vom 15.02.2013 'Millionen-Erbschaften besteuern für unsere AHV (Erbschaftssteuerreform)',0,0,0,0,0,0,0,0,0,0,0,0,0,0,0,0,0,0,0,0,0,0,0,0,0,0
584,14.06.2015,Ãnderung vom 26.09.2014 des Bundesgesetzes über Radio und Fernsehen (RTVG),0,0,0,0,0,0,0,0,0,1,0,1,0,0,0,0,0,1,0,0,0,1,0,1,1,1
585,28.02.2016,Volksinitiative vom 05.11.2012 'Für Ehe und Familie â gegen die Heiratsstrafe',0,0,1,1,1,1,1,1,1,1,1,0,0,1,0,1,1,0,1,1,1,0,1,1,0,1
586,28.02.2016,Volksinitiative vom 28.12.2012 'Zur Durchsetzung der Ausschaffung krimineller Ausländer (Durchsetzungsinitiative)',0,0,0,1,1,1,1,0,0,0,0,0,0,0,0,1,0,0,0,0,1,0,0,0,0,0
587,28.02.2016,Volksinitiative vom 24.03.2014 'Keine Spekulation mit Nahrungsmitteln!',0,0,0,0,0,0,0,0,0,0,0,1,0,0,0,0,0,0,0,0,0,0,0,0,0,1
588,28.02.2016,Ãnderung vom 26.09.2014 des Bundesgesetzes über den Strassentransitverkehr im Alpengebiet (STVG) (Sanierung Gotthard-Strassentunnel),1,1,1,1,1,1,1,1,1,1,1,1,1,1,1,1,1,1,1,1,1,0,1,1,0,1
589,05.06.2016,Volksinitiative vom 30.05.2013 'Pro Service public',0,0,0,0,0,0,0,0,0,0,0,0,0,0,0,0,0,0,0,0,0,0,0,0,0,0
590,05.06.2016,Volksinitiative vom 04.10.2013 'Für ein bedingungsloses Grundeinkommen',0,0,0,0,0,0,0,0,0,0,0,0,0,0,0,0,0,0,0,0,0,0,0,0,0,0
591,05.06.2016,Volksinitiative vom 10.03.2014 'Für eine faire Verkehrsfinanzierung',0,0,0,0,0,0,0,0,0,0,0,0,0,0,0,0,0,0,0,0,0,0,0,0,0,0
592,05.06.2016,"Ãnderung vom 12.12.2014 des Bundesgesetzes über die medizinisch unterstützte Fortpflanzung (Fortpflanzungsmedizingesetz, FMedG)",1,1,1,1,1,0,1,1,1,1,1,1,1,1,0,0,1,1,1,1,1,1,1,1,1,1
593,05.06.2016,Ãnderung vom 25.09.2015 des Asylgesetzes (AsylG),1,1,1,1,1,1,1,1,1,1,1,1,1,1,1,1,1,1,1,1,1,1,1,1,1,1
594,25.09.2016,Volksinitiative vom 06.09.2012 'Für eine nachhaltige und ressourceneffiziente Wirtschaft (Grüne Wirtschaft)',0,0,0,0,0,0,0,0,0,0,0,0,0,0,0,0,0,0,0,0,0,0,0,0,1,0
595,25.09.2016,Volksinitiative vom 17.12.2013 'AHVplus: für eine starke AHV',0,0,0,0,0,0,0,0,0,0,0,0,0,0,0,0,0,0,0,0,1,1,0,1,1,1
596,25.09.2016,"Bundesgesetz vom 25.09.2015 über den Nachrichtendienst (Nachrichtendienstgesetz, NDG)",1,1,1,1,1,1,1,1,1,1,1,1,1,1,1,1,1,1,1,1,1,1,1,1,1,1
597,27.11.2016,Volksinitiative vom 16.11.2012 'Für den geordneten Ausstieg aus der Atomenergie (Atomausstiegsinitiative)',0,0,0,0,0,0,0,0,0,0,0,1,1,0,0,0,0,0,0,0,0,1,0,1,1,1
598,12.02.2017,Bundesbeschluss vom 30.09.2016 über die erleichterte Einbürgerung von Personen der dritten Ausländergeneration,1,1,1,0,0,0,1,0,1,1,1,1,1,1,1,0,0,1,1,0,1,1,1,1,1,1
599,12.02.2017,Bundesbeschluss vom 30.09.2016 über die Schaffung eines Fonds für die Nationalstrassen und den Agglomerationsverkehr,1,1,1,1,1,1,1,1,1,1,1,1,1,1,1,1,1,1,1,1,1,1,1,1,1,1
600,12.02.2017,Bundesgesetz vom 17.06.2016 über steuerliche Massnahmen zur Stärkung der Wettbewerbsfähigkeit des Unternehmensstandorts Schweiz (Unternehmenssteuerreformgesetz III),0,0,0,0,0,0,1,0,1,0,0,0,0,0,0,0,0,0,0,0,1,1,0,0,0,0
601,21.05.2017,Energiegesetz (EnG) vom 30.09.2016,1,1,1,1,0,0,1,0,1,1,1,1,1,1,1,1,1,1,0,1,1,1,1,1,1,1
602,24.09.2017,Bundesbeschluss vom 14.03.2017 über die Ernährungssicherheit (direkter Gegenentwurf zur Volksinitiative 'Für Ernährungssicherheit'),1,1,1,1,1,1,1,1,1,1,1,1,1,1,1,1,1,1,1,1,1,1,1,1,1,1
603,24.09.2017,Bundesbeschluss vom 17.03.2017 über die Zusatzfinanzierung der AHV durch eine Erhöhung der Mehrwertsteuer,1,1,1,0,0,0,0,0,0,1,0,1,0,0,0,0,0,0,0,0,1,1,1,1,0,1
604,24.09.2017,Bundesgesetz vom 17.03.2017 über die Reform der Altersvorsorge 2020,1,1,0,0,0,0,0,0,0,1,0,1,0,0,0,0,0,0,0,0,1,0,1,1,0,1
605,04.03.2018,Bundesbeschluss vom 16.06.2017 über die neue Finanzordnung 2021,1,1,1,1,1,1,1,1,1,1,1,1,1,1,1,1,1,1,1,1,1,1,1,1,1,1
606,04.03.2018,Volksinitiative vom 11.12.2015 'Ja zur Abschaffung der Radio- und Fernsehgebühren (Abschaffung der Billag-Gebühren)',0,0,0,0,0,0,0,0,0,0,0,0,0,0,0,0,0,0,0,0,0,0,0,0,0,0
